0r0,4
1_eye,103
1_horn,103
2_heads,103
2_horns,103
2_penises,103
2_tails,103
2_toes,103
3_claws,103
3_eyes,103
3_fingers,103
3_heads,103
3_horns,103
3_tails,103
3_toes,103
3d_(artwork),7
4_arms,103
4_balls,103
4_breasts,103
4_ears,103
4_eyes,103
4_fingers,103
4_horns,103
4_missing_limbs,103
4_toes,103
5_eyes,103
5_fingers,103
5_toes,103
69_position,101
6_arms,103
6_breasts,103
6_nipples,103
808_(hi-fi_rush),4
9_tails,103
:<,101
a-chan,4
aak_(arknights),4
aardvark,5
aardwolf,5
abdominal_bulge,103
abra,5
abs,103
absol,5
absolute_territory,111
absolutely_everyone,111
absorption_vore,105
abstract_background,107
abuse,105
accessory,100
accident,108
accidental_exposure,108
accipitrid,5
accipitriform,5
acoustic_guitar,100
action_pose,108
adelia_(changbae),4
adolescent,106
adolescent_on_adolescent,106
adorabat,4
advertisement,108
aeris_(vg_cats),4
afghan_hound,5
african_wild_dog,5
afro,103
after_anal,108
after_fellatio,108
after_kiss,108
after_masturbation,108
after_oral,108
after_orgasm,108
after_penetration,108
after_rape,108
after_sex,108
after_transformation,108
after_vaginal,108
after_vaginal_penetration,108
after_vore,108
against_surface,108
against_tree,108
against_wall,108
agamid,5
age_difference,101
aged_up,101
ageplay,105
aggretsuko,3
aggron,5
agumon,5
agyo_(tas),4
ahegao,105
ahoge,103
ahri_(lol),4
ahsoka_tano,4
ailurid,5
air_bubble,104
air_inflation,105
aircraft,100
aircraft_humanoid,5
airplane,107
aisyah_zaskia_harnny,4
akari_(pokemon),4
akita,5
akita_inu,5
alaskan_malamute,5
alastor_(hazbin_hotel),4
albino,103
alcid,5
alcohol,100
alcohol_bottle,100
alcremie,5
aleu_(balto),4
alex_(harmarist),4
alex_marx,4
aliasing,7
alien,5
alien_humanoid,5
all_fours,108
all_the_way_through,105
all_three_filled,105
alley,107
alligator,5
alligatorid,5
allosaurus,5
almost_fully_inside,105
aloe_(mlp),4
aloha_shirt,100
alolan_form,5
alolan_meowth,5
alolan_ninetales,5
alolan_raichu,5
alolan_vulpix,5
alopex,4
alp_(tas),4
alpaca,5
alpha_pokemon,5
alphys,4
altered_forme_giratina,5
alternative_fashion,109
alty,4
alvin_seville,4
amaterasu_(okami),4
amazon_position,101
ambient_arthropod,5
ambient_bat,5
ambient_bird,5
ambient_butterfly,5
ambient_crab,5
ambient_firefly,5
ambient_fish,5
ambient_flier,5
ambient_fly,5
ambient_insect,5
ambient_sealife,5
ambient_silhouette,104
ambiguous/ambiguous,106
ambiguous_feral,106
ambiguous_form,106
ambiguous_gender,106
ambiguous_on_human,106
ambiguous_penetrated,106
ambiguous_penetration,106
ambiguous_pred,106
ambiguous_prey,106
american_black_bear,5
american_flag,100
american_opossum,5
american_shorthair,5
amicus_(adastra),4
amniotic_fluid,104
amped_toxtricity,5
ampharos,5
amphibian,5
amphibian_humanoid,5
amputee,103
amy_rose,4
anaconda,5
anais_watterson,4
anal,105
anal_beads,105
anal_beads_in_ass,105
anal_fingering,105
anal_fisting,105
anal_fluids,105
anal_hair,105
anal_knotting,105
anal_masturbation,105
anal_orgasm,105
anal_penetration,105
anal_prolapse,105
anal_request,105
anal_threading,105
anal_tugging,105
anal_vore,105
anatid,5
anatomically_correct,103
anatomically_correct_anus,103
anatomically_correct_genitalia,103
anatomically_correct_penis,103
anatomically_correct_vulva,103
ancient_art,7
android,5
andromorph,106
andromorph/male,106
andromorph_anthro,106
andromorph_penetrated,106
angel,5
angel_(lady_and_the_tramp),4
angel_(lilo_and_stitch),4
angel_(mlp),4
angel_dragon,5
angel_dust,4
angel_humanoid,5
angela_cross,4
angela_flux,4
anglerfish,5
angoramon,5
angry,101
angus_delaney,4
animal_crossing,3
animal_dildo,100
animal_ears,103
animal_genitalia,103
animal_head,5
animal_humanoid,5
animal_mask,100
animal_noises,110
animal_penis,103
animal_print,111
animal_skin,103
animal_vulva,103
animate_inanimate,5
animated_skeleton,5
animatronic,5
anime_nosebleed,109
anisodactyl,103
ankh,100
ankha_(animal_crossing),4
ankle_cuffs,105
ankle_strap_heels,100
ankle_tuft,103
ankles_tied,105
anklet,100
ankylosaurian,5
annelid,5
announcing_orgasm,110
annoyed,101
anon,4
anon_(snoot_game),4
anserinae,5
ant,5
anteater,5
antelope,5
antennae_(anatomy),103
anthro,106
anthro_dominating_human,106
anthro_dominating_male,106
anthro_fingering_anthro,106
anthro_fingering_male,106
anthro_focus,108
anthro_on_anthro,106
anthro_on_bottom,106
anthro_on_feral,106
anthro_on_top,106
anthro_penetrated,106
anthro_penetrating,106
anthro_penetrating_andromorph,106
anthro_penetrating_anthro,106
anthro_penetrating_female,106
anthro_penetrating_feral,106
anthro_penetrating_gynomorph,106
anthro_penetrating_herm,106
anthro_penetrating_human,106
anthro_penetrating_humanoid,106
anthro_penetrating_intersex,106
anthro_penetrating_male,106
anthro_pov,106
anthro_pred,106
anthro_prey,106
anthro_raping_anthro,106
anthro_raping_female,106
anthro_rimming_anthro,106
anthro_rimming_male,106
anthrofied,104
antlers,103
anubian_jackal,5
anubis,4
anus,103
anus_focus,108
anus_only,108
anvil_position,101
ape,5
apex_build_koraidon,5
aphrodisiac,100
apode,103
apogee_(tinygaypirate),4
apollo_(animal_crossing),4
apology,101
apple,100
apple_bloom_(mlp),4
applejack_(mlp),4
appliance,100
april_fools'_day,3
april_o'neil,4
apron,100
apron_only,108
aquatic_dragon,5
aquilops,5
arachnid,5
arachnid_humanoid,5
arbok,5
arcanine,5
arceus,5
arctic_fox,5
arctic_wolf,5
areola,103
areola_slip,108
argonian,5
arm_grab,103
arm_hair,103
arm_markings,103
arm_pull,103
arm_scar,103
arm_support,103
arm_tattoo,103
arm_tuft,103
arm_under_breasts,103
arm_warmers,103
arm_wraps,103
armadillo,5
armband,100
armbinder,100
armchair,100
armless,103
armlet,100
armor,100
armpit_fetish,105
armpit_hair,103
armpit_lick,101
armpit_play,105
armpit_sniffing,105
arms_above_head,103
arms_tied,103
armwear,100
armwear_only,100
arno_(peritian),4
arrow_(weapon),100
arthropod,5
arthropod_abdomen,103
arthropod_abdomen_genitalia,103
arthropod_humanoid,5
arthropod_taur,5
arthropod_webbing,103
artica_sparkle,4
articuno,5
artist_logo,7
artist_name,7
asari,5
asgore_dreemurr,4
ash_ketchum,4
ashido_mina,4
ashigara_(tas),4
ashley_graham_(resident_evil),4
asian_clothing,100
ask_blog,101
asking,101
asking_another,101
asking_what,101
asphyxiation,105
asriel_dreemurr,4
asriel_dreemurr_(god_form),4
ass_clapping,103
ass_on_glass,103
ass_to_ass,103
ass_to_mouth,103
ass_up,103
assault_rifle,100
assimilation,108
assisted_exposure,105
asui_tsuyu,4
asura,5
athletic,103
athletic_anthro,106
athletic_female,106
athletic_gynomorph,106
athletic_humanoid,106
athletic_intersex,106
athletic_male,106
athletic_wear,100
attack,108
au_ra,5
audie_(animal_crossing),4
audience,107
audino,5
aurelion_sol_(lol),4
australian_cattle_dog,5
australian_shepherd,5
auto_penis_lick,101
autofellatio,101
autofootjob,101
autopenetration,101
autotitfuck,101
autumn,107
autumn_blaze_(mlp),4
avali,5
averi_(fiddleafox),4
avian,5
avian_(starbound),5
avian_butt,103
avian_demon,5
avian_feet,103
avian_humanoid,5
avocato,4
axe,100
axolotl,5
azula_arktandr,4
azzilan,4
babs_bunny,4
babs_seed_(mlp),4
baby,100
baby_talk,105
back_boob,103
back_markings,103
back_muscles,103
back_spines,103
back_tentacles,103
backless_clothing,100
backpack,100
backsack,103
backwards_baseball_cap,100
backwards_hat,100
bad_parenting,108
badge,100
badger,5
badgerclops,4
badnik,5
bag,100
balcony,107
bald,103
bald_eagle,5
baldur's_gate,3
ball,103
ball_bulge,103
ball_fondling,103
ball_gag,103
ball_grab,103
ball_lick,103
ball_ring,103
ball_size_difference,103
ball_sniffing,103
ball_suck,103
ball_tuft,103
ball_worship,103
ballbusting,105
balloon,100
balls,103
balls_blush,103
balls_deep,103
balls_expansion,103
balls_in_underwear,103
balls_on_face,103
balls_outline,103
balls_touching,103
baloo,4
balto,4
bambi,4
bamboo,100
bamfear,5
banana,100
band-aid,100
band-aid_on_face,100
band-aid_on_nose,100
bandage,100
bandage_on_face,100
bandage_on_nose,100
bandaged_arm,100
bandaged_leg,100
bandeau,100
bandicoot,5
bandit_heeler,4
banette,5
bangaa,5
bangle,100
bangs,100
banjo_(banjo-kazooie),4
baphomet_(deity),4
bar,107
bar_stool,107
barazoku,103
barbel_(anatomy),103
barbell,100
barbell_piercing,100
barcode,100
bare_shoulders,108
barefoot,108
barn,107
barn_owl,5
barrel,100
barrel_(live_a_hero),4
baryonyx,5
base_three_layout,7
base_two_layout,7
baseball_bat,100
baseball_cap,100
basic_sequence,108
basitin,5
basket,100
basketball,100
basketball_(ball),100
bassariscus,5
basset_hound,5
bast,4
bat,5
bat_(object),100
bat_ears,103
bat_humanoid,5
bat_pony,5
bat_wings,103
bath,108
bathing,108
bathrobe,100
bathroom,107
bathtub,107
bathym_(tas),4
batman,4
battle,108
bayleef,5
bdsm,105
bdsm_gear,105
bea_santello,4
beach,107
beach_ball,107
beach_chair,107
beach_towel,107
beach_umbrella,107
beaded_jewelry,100
beaded_necklace,100
beads,100
beady_eyes,103
beagle,5
beak,103
beakjob,105
beakless,103
bean_bag,100
beanie,100
bear,5
beard,103
bearded_vulture,5
beast_(bloodborne),5
beast_(disney),4
beast_boy,4
beau_(animal_crossing),4
beaver,5
beckoning,108
becoming_erect,108
bed,107
bed_sheet,107
bedding,100
bedding_background,107
bedroom,107
bedroom_eyes,107
bee,5
bee_humanoid,5
beedrill,5
beer,100
beer_bottle,100
beerus,4
beetle,5
before_and_after,108
begging,101
begging_pose,108
behemoth_(final_fantasy),5
behind_glass,100
being_watched,108
bell,100
bell_collar,105
belladonna_(trials_of_mana),4
belly_blush,103
belly_dancer,103
belly_expansion,103
belly_grab,103
belly_hair,103
belly_inflation,103
belly_markings,103
belly_nipples,103
belly_overhang,103
belly_riding,103
belly_rolls,103
belly_rub,103
belly_squish,103
belly_tattoo,103
belt,100
belt_buckle,100
belt_pouch,100
ben_bigger,4
bench,100
bendy_straw,100
bengal_tiger,5
benjamin_clawhauser,4
bent_arm,108
bent_leg,108
bent_legs,108
bent_over,108
bent_spoon_position,101
berdly,4
beret,100
bernese_mountain_dog,5
berry,100
berry_punch_(mlp),4
beta_design,111
betelgammamon,5
betelgeusian,5
between_breasts,108
beverage,100
beverage_can,100
bib,100
biceps,103
big_anus,103
big_areola,103
big_bad_wolf,4
big_balls,103
big_belly,103
big_biceps,103
big_breasts,103
big_bulge,103
big_butt,103
big_cheeks,103
big_clitoris,103
big_diaper,105
big_dildo,100
big_dom_small_sub,106
big_ears,103
big_eyes,103
big_fangs,103
big_feet,103
big_flare,103
big_hair,103
big_hands,103
big_head,103
big_horn,103
big_knot,103
big_macintosh_(mlp),4
big_man_(splatoon),4
big_moobs,103
big_muscles,103
big_nipples,103
big_nose,103
big_pecs,103
big_penetration,101
big_penis,103
big_pussy,103
big_sheath,103
big_tail,103
big_teats,103
big_the_cat,4
big_tongue,103
big_wings,103
bighorn_sheep,5
bikini,100
bikini_aside,100
bikini_bottom,100
bikini_thong,100
bikini_top,100
bill_(beastars),4
bimbofication,105
binder_(restraint),105
bingo_heeler,4
bioluminescence,103
biomechanical,5
biped,103
bird,5
bird's-eye_view,109
bird_dog,5
bird_humanoid,5
birdo,5
birth,105
birthday,108
birthday_cake,100
bisexual,106
bisexual_pride_colors,110
bison,5
bit_gag,105
bitchsuit,100
bite,101
bite_mark,103
biting_lip,101
biting_own_lip,101
biyomon,5
black-backed_jackal,5
black_and_white,7
black_anus,102
black_areola,102
black_arms,102
black_armwear,100
black_background,107
black_balls,102
black_bars,102
black_beak,102
black_bear,5
black_belt,100
black_bikini,100
black_body,102
black_bodysuit,100
black_boots,100
black_border,110
black_bottomwear,100
black_bow,100
black_bra,100
black_breasts,102
black_choker,100
black_claws,102
black_clothing,100
black_collar,105
black_dress,100
black_ear_tips,102
black_ears,102
black_elbow_gloves,100
black_eyebrows,102
black_eyes,102
black_eyeshadow,100
black_eyewear,100
black_facial_hair,102
black_feathers,102
black_feet,102
black_fingerless_gloves,100
black_footwear,100
black_fur,102
black_genitals,102
black_glans,102
black_glasses,100
black_gloves,100
black_hair,102
black_hands,102
black_hat,100
black_headwear,100
black_high_heels,100
black_highlights,102
black_hoodie,100
black_horn,102
black_inner_ear,102
black_jacket,100
black_latex,105
black_legs,102
black_legwear,100
black_leotard,102
black_lips,102
black_lipstick,100
black_makeup,100
black_mane,102
black_markings,102
black_nails,102
black_necktie,100
black_nipples,102
black_nose,102
black_panties,100
black_pants,100
black_pawpads,102
black_paws,102
black_penis,102
black_pubes,102
black_scales,102
black_sclera,102
black_sheath,102
black_shirt,100
black_shoes,100
black_shorts,100
black_skin,102
black_skinsuit,100
black_skirt,100
black_socks,100
black_spots,102
black_stockings,100
black_stripes,102
black_suit,100
black_swimwear,100
black_tail,102
black_tail_tip,102
black_text,110
black_thigh_highs,100
black_thong,100
black_tie_(suit),100
black_tongue,102
black_topwear,100
black_tuft,102
black_underwear,100
black_vest,102
black_vulva,102
black_whiskers,102
black_wings,102
blahaj,4
blaidd_(elden_ring),4
blanket,100
blastoise,5
blaze_(marking),103
blaze_the_cat,4
blaziken,5
blender_cycles,7
blep,101
blin_(tloz),5
blind_eye,103
blindfold,105
blinds,100
blitzo_(helluva_boss),4
bloated,103
blockage_(layout),7
blonde_eyebrows,103
blonde_hair,103
blonde_mane,103
blood,104
blood_elf,5
blood_from_mouth,104
blood_in_mouth,104
blood_on_clothing,104
blood_on_face,104
blood_on_hand,104
blood_splatter,104
bloodshot_eyes,104
blue_(jurassic_world),4
blue_and_white,7
blue_anus,102
blue_areola,102
blue_arms,102
blue_background,107
blue_balls,102
blue_bikini,100
blue_body,102
blue_border,110
blue_bottomwear,100
blue_bow,100
blue_breasts,102
blue_claws,102
blue_clothing,100
blue_collar,105
blue_countershading,102
blue_cum,102
blue_dress,100
blue_ears,102
blue_eyebrows,102
blue_eyes,102
blue_eyeshadow,102
blue_face,102
blue_feathers,102
blue_feet,102
blue_fire,102
blue_footwear,100
blue_fox_(foxes_in_love),4
blue_fur,102
blue_genitals,102
blue_glans,102
blue_gloves,100
blue_hair,102
blue_hands,102
blue_hat,100
blue_headwear,100
blue_highlights,102
blue_hoodie,100
blue_horn,102
blue_inner_ear,102
blue_insides,102
blue_jacket,100
blue_jay,5
blue_jeans,100
blue_legwear,100
blue_lips,102
blue_lipstick,102
blue_makeup,102
blue_mane,102
blue_markings,102
blue_mouth,102
blue_nails,102
blue_nipples,102
blue_nose,102
blue_panties,100
blue_pants,100
blue_pawpads,102
blue_penis,102
blue_scales,102
blue_scarf,100
blue_sclera,102
blue_shirt,100
blue_shoes,100
blue_shorts,100
blue_skin,102
blue_skirt,100
blue_spots,102
blue_stripes,102
blue_sweater,100
blue_swimwear,100
blue_tail,102
blue_text,110
blue_theme,7
blue_tongue,102
blue_topwear,100
blue_tuft,102
blue_underwear,100
blue_vulva,102
blue_wings,102
blue_yoshi,5
bluebird,5
bluey_(series),3
bluey_heeler,4
blurred_background,107
blush,103
blush_lines,110
blush_stickers,110
boa_(snake),5
boat,100
bob_(animal_crossing),4
bob_cut,103
bobcat,5
bodily_fluids,104
bodily_noises,110
body_blush,101
body_hair,103
body_horror,108
body_in_mouth,108
body_outline,109
body_size_growth,108
body_worship,105
body_writing,111
bodyguard_position,101
bodypaint,100
bodysuit,100
bojack_horseman_(character),4
bokoblin,5
bolt_(bolt),4
bomb,100
bonbon_(mlp),4
bondage,105
bondage_furniture,105
bondage_gear,105
bondage_gloves,105
bone,100
bone_frill,103
bonfie_(cryptiacurves),4
bong,100
bonnie_(fnaf),4
bonnie_hopps,4
boo_(mario),5
boob_hat,100
book,100
bookshelf,100
boon_digges,4
boots,100
boots_only,100
border,110
border_collie,5
boron_brioche,4
borzoi,5
boston_terrier,5
both_pregnant,103
both_sexes_in_same_situation,108
bottle,100
bottlenose_dolphin,5
bottom_heavy,103
bottomless,108
bottomless_anthro,101
bottomless_female,106
bottomless_intersex,106
bottomless_male,106
bottomwear,100
bottomwear_around_one_leg,100
bottomwear_aside,100
bottomwear_down,100
bottomwear_pull,100
bouncing_balls,103
bouncing_breasts,103
bouncing_butt,103
bound,108
bound_together,108
bouquet,100
bovid,5
bovid_horn,103
bovid_humanoid,5
bovid_taur,5
bovine,5
bovine_humanoid,5
bow_(feature),100
bow_(weapon),100
bow_accessory,100
bow_experiment_(resident_evil),5
bow_in_front,100
bow_panties,100
bow_ribbon,100
bow_tie,100
bowl,100
bowser,4
bowser_jr.,4
bowsette_meme,3
box,100
boxer_briefs,100
boxers_(clothing),100
boxing,108
boxing_gloves,100
bra,100
bracelet,100
bracers,100
braces,100
brachiosaurid,5
braeburn_(mlp),4
braided_hair,103
braided_pigtails,103
braided_ponytail,103
brain,103
brainwashing,105
braixen,5
branch,100
brandy_harrington,4
bread,100
breast_blush,103
breast_expansion,103
breast_fondling,103
breast_grab,103
breast_growth,103
breast_implants,103
breast_lick,103
breast_milking,103
breast_play,103
breast_rest,103
breast_size_difference,103
breast_smother,103
breast_squeeze,103
breast_squish,103
breast_suck,103
breastfeeding,108
breastfeeding_during_sex,101
breastplate,100
breasts,103
breasts_and_teats,103
breasts_apart,103
breasts_frottage,103
breasts_on_glass,103
breath,103
breath_play,105
breath_powers,103
breeding_mount,105
breeding_stand,105
breegull,5
breloom,5
brian_griffin,4
brick,100
brick_wall,107
bridal_gauntlets,100
bridge,107
bridge_piercing,100
bridle,105
briefs,100
briefs_only,100
brionne,5
broad_shoulders,103
brok_(brok_the_investigator),4
broken_condom,100
broken_horn,103
bronwyn_(adventure_time),4
brooklyn_(gargoyles),4
broom,100
brown_anus,102
brown_areola,102
brown_arms,102
brown_background,107
brown_balls,102
brown_bear,5
brown_belt,100
brown_body,102
brown_boots,100
brown_bottomwear,100
brown_claws,102
brown_clothing,100
brown_ears,102
brown_eyebrows,102
brown_eyes,102
brown_face,102
brown_facial_hair,102
brown_feathers,102
brown_feet,102
brown_footwear,100
brown_fur,102
brown_genitals,102
brown_gloves,100
brown_hair,102
brown_hands,102
brown_hat,100
brown_headwear,100
brown_hooves,102
brown_horn,102
brown_inner_ear,102
brown_legs,102
brown_mane,102
brown_markings,102
brown_nipples,102
brown_nose,102
brown_pants,100
brown_pawpads,102
brown_penis,102
brown_rat,5
brown_scales,102
brown_sclera,102
brown_sheath,102
brown_shirt,100
brown_shoes,100
brown_shorts,100
brown_skin,102
brown_spots,102
brown_stripes,102
brown_tail,102
brown_topwear,100
brown_tuft,102
brown_vulva,102
brown_wings,102
bruised,103
brush,100
brushing,101
bubble,104
bubble_butt,104
bubble_gum,104
bucket,100
buckle,100
buckteeth,103
bugs_bunny,4
building,107
buizel,5
bukkake,105
bulbasaur,5
bulge,103
bulge_from_behind,108
bulging_breasts,103
bull_terrier,5
bulldog,5
bullet,100
bulletproof_vest,100
bullying,108
buneary,5
bunnie_rabbot,4
bunny_costume,100
bunsen,4
burger,100
burmecian,5
burning,101
burping,104
bus,100
business_suit,100
businesswear,100
bust_portrait,7
buster_bunny,4
busty_bird,4
busty_boy_(lore),8
busty_feral,106
butt,103
butt_blush,103
butt_cleavage,103
butt_crush,101
butt_expansion,101
butt_focus,109
butt_from_the_front,109
butt_grab,103
butt_hair,103
butt_heart,103
butt_jiggle,101
butt_markings,103
butt_pose,108
butt_shot,103
butt_size_difference,103
butt_slap,103
butt_smother,103
butt_sniffing,103
butt_squish,103
butt_tattoo,103
butt_worship,103
butterfly,5
butterfree,5
button_(fastener),100
button_mash_(mlp),4
buttplug,105
buttplug_in_ass,105
buttplug_tail,105
buxbi_(character),4
c.j._(animal_crossing),4
cabinet,100
cable,100
cacomistle,5
cactus,100
cactus_creature,5
cafe,107
cage,100
caitian,5
cake,100
cake_the_cat,4
calem_(pokemon),4
calendar,100
calico_cat,5
callie_(splatoon),4
callie_briggs,4
calves_up,103
calvin_mcmurray,4
camel,5
camel_toe,103
camelid,5
camera,100
camera_view,109
camo,103
camo_clothing,100
camo_print,103
campfire,104
camping,107
can,100
canada_lynx,5
candle,100
candlelight,100
candy,100
candy_cane,100
cane,100
canid,5
canid_humanoid,5
canine,5
canine_demon,5
canine_dildo,100
canine_genitalia,103
canine_humanoid,5
canine_penis,103
canine_taur,5
canine_vulva,103
caninu,5
canis,5
canon_couple,106
cape,100
cape_buffalo,5
cape_only,100
caprine,5
caprine_demon,5
caprine_horn,103
caprine_humanoid,5
captain_amelia,4
caption,110
captured,108
capybara,5
car,107
caracal,5
carcharhinus,5
card,100
card_template,110
cardboard_box,100
cardinal_(bird),5
carmelita_fox,4
carol_tea,4
carpet,100
carrot,100
carrot_(one_piece),4
carrying_another,108
casimira_(orannis0),4
caster_tamamo-no-mae,4
castle,107
casual_exposure,108
casual_nudity,108
casual_sex,101
cat_humanoid,5
cat_lingerie,100
cat_tail,103
catch_condom,100
caterpillar,5
catfish,5
catnap_(poppy_playtime),4
catra_(she-ra),4
catti_(deltarune),4
cattle,5
cattle_humanoid,5
catty_(undertale),4
caught_in_the_act,108
caught_masturbating,101
cauldron,100
cavalier_king_charles_spaniel,5
cave,107
caviid,5
cel_shading,7
celebi,5
celio_(peritian),4
cell_(organism),5
cellphone,100
cellulite,103
cemetery,107
censor_bar,110
censored,7
censored_genitalia,110
censored_penis,110
censored_pussy,110
centaur,5
centered_hair_bow,100
centipede,5
centorea_shianus_(monster_musume),4
cephalopod,5
cephalopod_humanoid,5
ceratopsian,5
cerberus,5
cerberus_(fortnite),4
cervical_contact,103
cervical_penetration,101
cervine,5
cervine_genitalia,103
cervine_penis,103
cervix,103
cetacean,5
cetacean_genitalia,103
cetacean_penis,103
chain,100
chain_chomp,5
chain_leash,105
chain_necklace,100
chained,108
chair,107
chair_position,101
chakat,5
chalkboard,100
chameleon,5
champa,4
champagne,100
chance_furlong,4
changeling,5
chao_(sonic),5
chaos_emerald,100
chaps,100
chara_(undertale),4
character_name,7
charizard,5
charlie_morningstar,4
charmander,5
charmeleon,5
charr,5
chart,110
chastity_belt,105
chastity_cage,105
chastity_cage_only,105
chastity_device,105
chat,101
checkered,111
checkered_background,107
checkered_floor,107
cheek_spikes,103
cheek_spots,103
cheek_tuft,103
cheerilee_(mlp),4
cheerleader,111
cheerleader_outfit,100
cheese,100
cheese_the_chao,4
cheetah,5
chef_hat,100
cherry,100
cherry_(animal_crossing),4
cherry_blossom,107
cherub,5
cheshire_cat_(species),5
chesnaught,5
chespin,5
chest_hair,103
chest_markings,103
chest_scar,103
chest_spike,103
chest_tattoo,103
chest_tuft,103
chest_wraps,100
chibi,106
chica_(fnaf),4
chicken,5
chief_bogo,4
chihuahua,5
chikorita,5
child,106
child_on_child,106
chillet,5
chilli_heeler,4
chimera,5
chimpanzee,5
chin_tuft,103
chinese_clothing,100
chinese_dress,100
chinese_text,7
chinese_zodiac,3
chip_(disney),4
chip_(sonic),4
chipmunk,5
chips_(food),100
chocobo,5
chocolate,100
choker,100
choker_only,100
choking,108
chopsticks,100
chow_chow,5
christmas,3
christmas_clothing,100
christmas_decorations,100
christmas_headwear,100
christmas_lights,100
christmas_present,100
christmas_tree,100
chua,5
chubby_cheeks,103
chubby_protagonist_(tas),4
churn,101
cigar,100
cigarette,100
cigarette_in_mouth,100
cinccino,5
cinderace,5
circe_(pankallisti),4
circlet,100
circumcised,103
circumcision_scar,103
circus_baby_(fnaf),4
city,107
city_background,107
city_destruction,107
cityscape,107
civet,5
claire_(the_summoning),4
clank_(ratchet_and_clank),4
classic_amy_rose,4
classic_chica_(fnaf),4
classic_sonic,4
classroom,107
classy,100
clawroline,4
claws,103
clean_diaper,105
cleaning,108
cleaning_tool,100
cleavage,100
cleavage_cutout,100
cleavage_overflow,108
cleft_tail,103
clenched_teeth,103
clipboard,100
clitoral,103
clitoral_fingering,108
clitoral_hood,103
clitoral_masturbation,101
clitoral_winking,103
clitoris,103
clitoris_piercing,100
cloaca,103
cloaca_juice,104
cloacal,103
cloacal_penetration,101
cloacal_penis,103
cloak,100
clock,100
close-up,108
closed_frown,101
closed_smile,101
closet,107
cloth_gag,105
clothed,108
clothed/nude,108
clothed_anthro,101
clothed_female,106
clothed_feral,101
clothed_gynomorph,106
clothed_human,101
clothed_humanoid,101
clothed_intersex,106
clothed_male,106
clothed_sex,101
clothing,100
clothing_around_one_leg,100
clothing_aside,108
clothing_lift,101
clothing_pull,101
cloud,107
cloud_chaser_(mlp),4
cloud_emanata,107
clouded_leopard,5
cloven_hooves,103
clown,111
club_(weapon),107
clydesdale,5
cnidarian,5
coach,107
coat,100
cobondage,105
cobra,5
cock_and_ball_torture,105
cock_ring,100
cock_transformation,108
cock_vore,105
cockapoo,5
cockatiel,5
cockatoo,5
cocker_spaniel,5
cockroach,5
cocktail,100
cocktail_glass,100
coco_bandicoot,4
coco_pommel_(mlp),4
coconut,100
cocotama,5
coffee,100
coffee_cup,100
coffee_mug,100
coiling,108
coin,100
coleoid,5
collaborative,108
collaborative_fellatio,105
collaborative_sex,101
collaborative_titfuck,108
collar,105
collar_only,105
collar_ring,105
collar_tag,105
collarbone,103
collared_shirt,100
colleen_(road_rovers),4
collie,5
color_coded,110
color_coded_speech_bubble,110
color_coded_text,110
color_swatch,110
colored_cum,104
colored_edge_panties,100
colored_fingernails,103
colored_fire,104
colored_nails,103
colored_pencil_(artwork),7
colored_seam_underwear,100
colored_toenails,103
colorful_theme,7
columbid,5
comic,7
commander_shepard,4
commercial_vehicle,100
common_hippopotamus,5
comparing,108
comparing_penis,108
competition,108
computer,100
computer_keyboard,100
computer_monitor,100
computer_mouse,100
condom,100
condom_balloon,100
condom_in_mouth,100
condom_wrapper,100
confetti,100
confusion,108
conjoined,103
conjoined_speech_bubble,110
conker,4
consentacles,105
contact_onomatopoeia,110
container,100
controller,100
convenient_censorship,108
cookie,100
cooking,108
cooking_with_furs,101
cookware,100
copyright_symbol,110
coral,5
corpse,100
corrupt_cynder,4
corruption,108
corsac_fox,5
corset,100
corvid,5
corvus_(genus),5
cosmic_background,107
cosmic_hair,103
cosmo_the_seedrian,4
cosplay,108
cosplay_pikachu_(character),4
costume,100
couatl,5
cougar,5
counter,100
countershade_balls,102
countershade_body,102
countershade_butt,102
countershade_face,102
countershade_feet,102
countershade_fur,102
countershade_genitalia,102
countershade_hands,102
countershade_legs,102
countershade_neck,102
countershade_scales,102
countershade_tail,102
countershade_torso,102
countershading,102
courage_the_cowardly_dog_(character),4
cover,7
cover_art,7
cover_page,7
covering,108
covering_breasts,108
covering_crotch,108
covering_face,108
covering_mouth,108
covering_own_mouth,108
covering_self,108
cow_print,102
cow_print_bikini,100
cowbell,100
cowboy,111
cowboy_hat,100
cowgirl_position,101
cowlick,103
coyote,5
cozy_glow_(mlp),4
crab,5
crane_(bird),5
crash_bandicoot,4
crate,100
crazy_redd,4
cream_heart_(mlp),4
cream_the_rabbit,4
creeper,5
creepy,108
crescent_moon,107
crewmate_(among_us),4
cricetid,5
criminal,111
critters_(poppy_playtime),5
crocodile,5
crocodilian,5
croconaw,5
crop_top,100
cropped_hoodie,100
cross,107
cross-eyed,103
cross-popping_vein,103
cross_fox,5
cross_necklace,100
crossdressing,101
crossed_arms,108
crossed_legs,108
crossover,7
crossover_cosplay,108
crotch_breasts,103
crotch_shot,108
crotch_tuft,103
crotchless_clothing,100
crotchless_panties,100
crouching,108
crow,5
crowd,107
crown,100
crusch_lulu,4
crush,108
crustacean,5
crux,5
crying,108
crystal,100
cu_sith_(tas),4
cubone,5
cuckold,105
cuddle_team_leader,4
cuddling,108
cuff_(restraint),100
cuffs_(clothing),100
cum,104
cum_ballooning,104
cum_between_breasts,104
cum_collecting,104
cum_covered,104
cum_drip,104
cum_dripping_from_penis,104
cum_dumpster,104
cum_everywhere,104
cum_explosion,104
cum_expulsion,104
cum_fart,104
cum_from_ass,104
cum_from_mouth,104
cum_from_nose,104
cum_from_vagina,104
cum_in_a_cup,104
cum_in_ass,104
cum_in_bowl,104
cum_in_cloaca,104
cum_in_clothing,104
cum_in_container,104
cum_in_hair,104
cum_in_mouth,104
cum_in_nose,104
cum_in_own_mouth,104
cum_in_self,104
cum_in_underwear,104
cum_in_uterus,104
cum_in_vagina,104
cum_inflation,105
cum_inside,104
cum_on_arm,104
cum_on_back,104
cum_on_balls,104
cum_on_bed,104
cum_on_belly,104
cum_on_body,104
cum_on_breasts,104
cum_on_butt,104
cum_on_chest,104
cum_on_clothing,104
cum_on_face,104
cum_on_feet,104
cum_on_ground,104
cum_on_hand,104
cum_on_knot,104
cum_on_leg,104
cum_on_own_balls,104
cum_on_own_chest,104
cum_on_own_face,104
cum_on_own_penis,104
cum_on_own_tongue,104
cum_on_penis,104
cum_on_perineum,104
cum_on_self,104
cum_on_tail,104
cum_on_tongue,104
cum_on_vulva,104
cum_on_wall,104
cum_pool,104
cum_splatter,104
cum_string,104
cum_through,104
cum_through_clothing,104
cum_through_underwear,104
cum_vore,105
cum_while_chaste,104
cum_while_penetrated,104
cumshot,104
cumshot_in_mouth,104
cunnilingus,101
cup,100
cupcake,100
cupcake_(fnaf),4
cuphead_(character),4
curled_horn,103
curled_tail,103
curling_toes,103
curly_hair,103
curtains,100
curved_eyebrows,103
curved_horn,103
curvy_figure,103
cutaway,110
cute_fangs,103
cutie_mark,103
cutie_mark_crusaders_(mlp),4
cutlery,100
cutout,110
cyan_yoshi,5
cybernetic_arm,103
cybernetic_leg,103
cybernetic_limb,103
cybernetics,103
cyberpunk,107
cybertronian,5
cyborg,5
cyclops,5
cyndaquil,5
cynder,4
cynthia_(pokemon),4
cyprinid,5
dachshund,5
daddy_kink,105
daffy_duck,4
dagger,100
daisy_duck,4
daisy_dukes,100
dakimakura,100
dakimakura_design,7
dakka,4
dale_(disney),4
dalmatian,5
dancewear,100
dancing,108
daring_do_(mlp),4
dark_areola,102
dark_elf,5
dark_nipples,102
dark_nose,102
dark_penis,102
dark_pupils,102
dark_skin,102
darkened_balls,102
darkened_genitalia,102
darkened_penis,102
darkner,5
darkrai,5
darwin_watterson,4
dasyurid,5
dasyuromorph,5
date,108
dated,7
dawn_(pokemon),4
dawn_bellwether,4
daww,110
daxter,4
day,107
daybreaker_(mlp),4
dean_(drako1997),4
death,108
death_(personification),4
death_(puss_in_boots),4
death_by_snu_snu,108
deathclaw,5
decapitation,101
decapod,5
decapodiform,5
decidueye,5
deep_navel,103
deep_rimming,108
deep_skin,103
deep_throat,108
deer,5
deer_humanoid,5
deer_taur,5
deerling,5
degradation,105
deity,5
delcatty,5
delivery_(commerce),107
delivery_employee,106
delphox,5
deltoids,103
demigod,5
demon,5
demon_humanoid,5
denim,100
denim_bottomwear,100
denim_clothing,100
denim_shorts,100
depth_of_field,108
derived_sound_effect,110
derpy_hooves_(mlp),4
desert,107
desk,100
desperation,108
dessert,100
destruction,101
detachable,111
detached_sheath,109
detached_sleeves,100
detailed,7
detailed_anus,109
detailed_background,107
detailed_bulge,109
detailed_fur,109
detailed_scales,109
devil_horns_(gesture),101
dewclaw_hooves,103
dewlap_(anatomy),103
dewott,5
dhole,5
dialga,5
dialogue,110
dialogue_box,110
diamond_dog_(mlp),5
diamond_tiara_(mlp),4
diane_foxington,4
diaper,105
diaper_fetish,105
diaper_only,105
diaper_under_clothing,105
dice,100
diddy_kong,4
different_sound_effects,110
digby_(animal_crossing),4
digestion,101
digestion_noises,110
digimon_(species),5
digit_ring,100
digital_creature,5
digital_drawing_(artwork),7
digital_media_(artwork),7
digital_painting_(artwork),7
digitigrade,103
dildo,100
dildo_in_ass,100
dildo_in_vagina,100
dildo_insertion,100
dildo_sitting,108
dilophosaurus,5
dingo,5
dingodile,4
dinosaur,5
diphallism,103
diplodocid,5
dipodomyine,5
dipstick_antennae,103
dipstick_ears,103
dipstick_tail,103
dire_(fortnite),4
dire_aircraft,5
dire_machine,5
directional_arrow,110
dirt,107
dirty,103
dirty_clothing,100
dirty_diaper,105
dirty_feet,105
dirty_talk,105
discarded_clothing,100
discord_(mlp),4
disembodied_hand,106
disembodied_penis,106
disposal,105
distracting_watermark,7
ditto_(pokemon),5
dixie_(tfath),4
dixie_kong,4
dobermann,5
dock_(anatomy),103
doctor,111
doctor_whooves_(mlp),4
dog_humanoid,5
dog_tags,100
dogday_(poppy_playtime),4
doggystyle,108
doll,100
dolly_(101_dalmatians),4
dolphin,5
dolphin_shorts,100
domestic_cat,5
domestic_dog,5
domestic_ferret,5
domestic_goat,5
domestic_pet,111
domestic_pig,5
domestic_rabbit,5
domestic_sheep,5
dominant,105
dominant_anthro,106
dominant_female,106
dominant_feral,106
dominant_gynomorph,106
dominant_human,106
dominant_humanoid,106
dominant_intersex,106
dominant_male,106
dominant_pov,108
dominant_young,106
dominatrix,105
don_bluth,3
donald_duck,4
donatello_(tmnt),4
donkey,5
donkey_kong_(character),4
doom_slayer,4
door,100
door_handle,100
doorway,107
doraemon_(character),4
dorsal_fin,103
dorumon,5
dot_eyes,110
dot_warner,4
dotted_background,107
double_anal,105
double_chin,103
double_dildo,100
double_handjob,105
double_penetration,101
double_v_sign,110
double_vaginal,101
doughnut,100
dr._eggman,4
dr._voir,4
draconcopode,5
draconequus,5
dracthyr,5
draenei,5
draft_horse,5
dragon,5
dragon_(dnd),5
dragon_humanoid,5
dragon_tail,103
dragon_taur,5
dragonair,5
dragonborn_(dnd),5
dragonfly,5
dragonite,5
dragonplayer_(character),4
drawing,101
drawing_tablet,100
dreadlocks,103
dream,108
drekir,5
dress,100
dress_lift,100
dress_shirt,100
dresser,100
drinking,101
drinking_cum,101
drinking_glass,100
drinking_straw,100
drinking_urine,105
drip_effect,104
dripping,104
driving,108
drizzile,5
dromaeosaurid,5
drone,100
dronification,105
drooling,104
drowning,108
drowzee,5
drugged,108
drugs,100
druid,111
drum_bunker_dragon,4
drunk,108
drunk_bubble,104
dryad,5
dual_holding,101
dual_wielding,101
duck,5
duct_tape,100
dudley_puppy,4
duel_monster,5
dumbbell,100
dungeon,107
dungeons_and_dragons,3
duo,106
duo_focus,108
dusk_lycanroc,5
dwarf,5
dwarf_rabbit,5
dying,101
dylan_(101_dalmatians),4
eagle,5
ear_blush,103
ear_bow,103
ear_fins,103
ear_frill,103
ear_grab,103
ear_markings,103
ear_penetration,103
ear_piercing,103
ear_ring,103
ear_tag,103
ear_tuft,103
earbuds,100
ears_back,103
ears_down,103
earth,107
earth_pony,5
east_asian_clothing,100
easter,3
easter_bunny,4
easter_egg,100
eastern_bluebird,5
eastern_dragon,5
eastern_grey_squirrel,5
eating,108
eating_feces,105
eating_food,108
ecaflip,5
echidna,5
echinoderm,5
eda_clawthorne,4
edging,105
eevee,5
egg,100
egg_from_pussy,105
egg_insertion,105
egg_vibrator,100
egyptian,107
egyptian_clothing,100
egyptian_headdress,100
egyptian_mau,5
ejaculation,104
elapid_(snake),5
elbow_gloves,100
elbow_tuft,103
elderly,106
elderly_anthro,106
elderly_female,106
eldritch_abomination,5
electric_fan,100
electric_guitar,100
electricity,100
electrogenesis,103
electronics,100
electrostimulation,105
elemental_creature,5
elemental_dragon,5
elemental_humanoid,5
elemental_manipulation,101
elephant,5
elephantid,5
elf,5
elh_melizee,4
elk,5
ellipsis,110
elora,4
elza_(interspecies_reviewers),4
emanata,110
embarrassed,108
emboar,5
emelie_(cyancapsule),4
emerald_(gem),100
emo,111
emoji,110
emolga,5
empty_eyes,103
encasement,105
ender_dragon,5
enderman,5
english_text,7
enjoying,108
entwined_tails,103
equid,5
equid_taur,5
equine,5
equine_anus,103
equine_dildo,100
equine_genitalia,103
equine_humanoid,5
equine_penis,103
equine_taur,5
equine_vulva,103
erect_clitoris,103
erect_nipples,103
erection,108
erection_under_clothing,108
ero_(erobos),4
esix,4
espeon,5
espio_the_chameleon,4
espurr,5
eti_(utopianvee),4
eulipotyphlan,5
eurasian_red_squirrel,5
european_hedgehog,5
european_rabbit,5
everest_(paw_patrol),4
excessive_cum,104
excessive_feces,104
excessive_genital_fluids,104
excessive_precum,104
excessive_pussy_juice,104
exclamation_point,110
exercise,108
exhibitionism,105
exoskeleton,103
expansion,101
experiment_(lilo_and_stitch),5
explicit,7
explicitly_stated_nonconsent,105
explosion,101
explosives,100
exposed,108
exposed_breasts,108
exposed_endoskeleton,108
exposure_variation,111
extended_arm,108
extended_sound_effect,110
extreme_french_kiss,101
extreme_penetration,101
extreme_size_difference,105
exveemon,5
eye_contact,103
eye_markings,103
eye_patch,103
eye_roll,103
eye_scar,103
eye_through_hair,103
eyebrow_piercing,100
eyebrow_ring,100
eyebrow_through_hair,109
eyebrows,103
eyelashes,103
eyelashes_through_hair,109
eyeless,103
eyeliner,100
eyemask,100
eyes_closed,103
eyeshadow,100
eyewear,100
eyewear_on_head,100
eyewear_only,100
face_fucking,103
face_imprint,103
face_in_ass,103
face_in_breasts,103
face_lick,101
face_mask,100
face_mounting,103
face_paint,100
faceless_ambiguous,106
faceless_anthro,106
faceless_character,106
faceless_female,106
faceless_human,106
faceless_male,106
facesitting,105
facial_hair,103
facial_horn,103
facial_markings,103
facial_piercing,100
facial_scar,103
facial_spikes,103
facial_tattoo,103
facial_tuft,103
fairy,5
fake_ears,100
fake_horns,103
fake_rabbit_ears,101
fake_tail,100
fakemon,5
falco_lombardi,4
falcon,5
fallen_angel,5
fallopian_tubes,103
family,106
fang_(gvh),4
fang_the_weavile,4
fangs,103
fantasizing,101
fantasy,107
farm,107
fart,105
fart_cloud,105
fart_fetish,105
farting_on_another,105
farting_on_face,105
fat_arms,103
fat_rolls,103
fatal_vore,105
faun,5
faun_(spyro),5
fay_(star_fox),4
feather_duster,100
feather_hair,103
feather_hands,103
feather_in_hair,100
feather_tuft,103
feathered_arms,103
feathered_crest,103
feathered_dinosaur,5
feathered_dragon,5
feathered_scalie,5
feathered_tail,103
feathered_wings,103
feathering,103
feathers,103
featureless_breasts,103
featureless_chest,103
featureless_crotch,103
featureless_face,103
featureless_feet,103
feces,105
feces_pile,105
fedora,100
feeding,101
feet,103
feet_first,103
feet_together,103
feet_up,103
felching,105
felicia_(darkstalkers),4
felid,5
felid_humanoid,5
felid_taur,5
feline,5
feline_demon,5
feline_genitalia,103
feline_humanoid,5
feline_penis,103
feline_pussy,103
felineko,5
felis,5
felkin,5
fellatio,105
felyne,5
female,106
female/ambiguous,106
female/female,106
female_(lore),8
female_anthro,106
female_death,106
female_draconcopode,106
female_feral,106
female_focus,108
female_human,106
female_humanoid,106
female_on_anthro,106
female_on_bottom,106
female_on_feral,106
female_on_human,106
female_on_humanoid,106
female_on_top,106
female_peeing,106
female_penetrated,106
female_penetrating,106
female_penetrating_anthro,106
female_penetrating_female,106
female_penetrating_male,106
female_pov,106
female_pred,106
female_prey,106
female_raped,106
female_rimmed,106
female_rimming,106
female_rimming_anthro,106
female_rimming_male,106
female_symbol,106
female_taur,106
femboy,106
feminization,105
fenavi_montaro,4
fence,100
fennec_fox,5
fennekin,5
fenneko,4
fennix_(fortnite),4
feral,106
feral_focus,108
feral_on_bottom,106
feral_on_feral,106
feral_on_top,106
feral_penetrated,106
feral_penetrating,106
feral_penetrating_anthro,106
feral_penetrating_female,106
feral_penetrating_feral,106
feral_penetrating_human,106
feral_penetrating_humanoid,106
feral_penetrating_male,106
feral_pred,106
feral_prey,106
feral_rimmed,105
feraligatr,5
feralized,111
fetal_movement,101
fetlocks,103
fexa_(cryptiacurves),4
ffm,106
ffm_threesome,105
fidget_(elysian_tail),4
field,107
fifi_la_fume,4
fight,108
fighting_ring,100
filled_condom,100
fin,103
fin_piercing,100
finch,5
finger_claws,103
finger_in_mouth,108
finger_lick,101
finger_play,101
finger_ring,100
fingering,101
fingering_partner,101
fingering_self,101
fingerless_(marking),103
fingerless_gloves,100
fingernails,103
fingers,103
fink_(ok_k.o.!_lbh),4
finn_the_human,4
finnick_(zootopia),4
fiona_fox,4
fionna_the_human,4
fire,104
fire_breathing,101
fire_creature,5
fire_manipulation,101
firebrand,4
firecat,4
firefly,5
fireplace,107
fireworks,100
firondraak,4
first_person_view,109
fish,5
fish_hooking,101
fish_humanoid,5
fish_tail,103
fishing,101
fishing_rod,100
fishnet_armwear,100
fishnet_clothing,100
fishnet_leggings,100
fishnet_legwear,100
fishnet_thigh_highs,100
fishnet_topwear,100
fist,111
fisting,105
fitting_room,107
five_nights_at_freddy's,3
fixed_toy,105
fizz_(lol),4
flaaffy,5
flaccid,103
flag,100
flag_(object),100
flag_bikini,100
flag_print,100
flaky_(htf),4
flamedramon,5
flaming_hair,103
flaming_mane,103
flaming_tail,103
flamingo,5
flared_penis,103
flareon,5
flash_emanata,110
flash_sentry_(mlp),4
flashing,101
flashing_breasts,101
flashlight,100
flat_chested,103
flat_colors,7
flemish_giant,5
flesh,111
flesh_creature,5
flesh_structure,107
flesh_tunnel,100
flesh_whiskers,100
fleshlight_position,101
fleur_de_lis_(mlp),4
flexible,111
flexing,101
flexing_bicep,101
flick_(animal_crossing),4
flip_flops,100
flippers,103
flippy_(htf),4
floating,111
floating_hands,106
floatzel,5
floor,107
floppy_ears,103
flora_(twokinds),4
flora_fauna,5
floragato,5
floral,107
floral_pattern,111
floral_print,110
florges,5
flower,100
flower_(anatomy),103
flower_accessory,100
flower_creature,5
flower_crown,100
flower_humanoid,5
flower_in_hair,100
flower_necklace,100
flower_on_head,100
flowey_the_flower,4
fluffy,103
fluffy_chest,103
fluffy_ears,103
fluffy_pony_(species),5
fluffy_tail,103
flukes,103
flurry_heart_(mlp),4
flutterbat_(mlp),4
fluttershy_(mlp),4
fly_(animal),5
flygon,5
flying,101
flying_fox,5
flying_squirrel,5
flying_sweatdrops,104
fog,107
folded_wings,103
fondling,101
foo_dog,5
food,100
food_creature,5
food_fetish,105
food_humanoid,5
food_in_mouth,108
food_insertion,105
food_play,105
fool's_hat,100
foot_blush,101
foot_fetish,105
foot_focus,105
foot_grab,101
foot_in_mouth,105
foot_lick,101
foot_on_balls,105
foot_on_face,105
foot_on_head,108
foot_on_penis,105
foot_on_table,108
foot_play,105
foot_sniffing,105
foot_wraps,100
footjob,105
footprint,107
footwear,100
footwear_only,100
for_a_head,111
force_feeding,105
forced,108
forced_anal,105
forced_exposure,105
forced_oral,101
forced_orgasm,105
forced_partners,108
forced_transformation,105
forearm_muscles,103
forehead_gem,103
forehead_markings,103
foreshortening,109
foreskin,103
foreskin_play,105
foreskin_pull,105
forest,107
fork,100
forked_tail,103
forked_tongue,103
formal_wear,100
fossa,5
four_frame_sequence,7
foursome,106
fox,5
fox_humanoid,5
fox_mccloud,4
fox_spirit,5
fox_tail,103
fox_taur,5
foxy_(fnaf),4
freckled_breasts,103
freckled_butt,103
freckled_face,103
freckled_shoulders,103
freckled_thighs,103
freckles,103
freddy_(fnaf),4
free_use,105
french_kissing,101
frenni_(cryptiacurves),4
frenum_ladder,103
frenum_piercing,100
freya_crescent,4
fridge,100
friendship_is_magic,3
frieren,4
fries,100
frill_(anatomy),103
frilly,100
frilly_bra,100
frilly_clothing,100
frilly_panties,100
frilly_underwear,100
frisk_(undertale),4
froakie,5
frog,5
frog_humanoid,5
frogtied,105
from_behind_position,101
from_front_position,101
front_view,109
froslass,5
frottage,105
frown,101
fruit,100
fruit_humanoid,5
fruit_tree,107
frye_(splatoon),4
ftg_crossgender,106
fti_crossgender,106
ftm_crossgender,106
fucked_silly,108
fucking_machine,101
full-length_portrait,7
full_moon,107
full_nelson,108
fully_bound,105
fully_clothed,108
fully_clothed_anthro,101
fully_clothed_female,106
fully_clothed_male,106
fully_inside,108
fully_sheathed,108
fully_submerged,108
fundoshi,100
fungi_fauna,5
fungus,100
funtime_foxy_(fnaf),4
fur,103
fur_growth,103
fur_markings,103
fur_trim_(clothing),100
fur_tuft,103
furfrou,5
furgonomic_headwear,100
furgonomics,111
furniture,100
furred_dragon,5
furred_kobold,5
furred_scalie,5
furred_shark,5
furret,5
furrification,108
furrowed_brow,103
furry-specific_piercing,100
fursuit,100
fury_(httyd),5
fused_shadow,100
fusion,103
futuristic,107
fuzzy,103
gabby_(mlp),4
gabumon,5
gadget_hackwrench,4
gag,105
gagged,105
galarian_form,5
galarian_ponyta,5
gallade,5
gallus_(mlp),4
game_console,100
game_controller,100
game_over,110
gameplay_mechanics,110
gaming,101
gammamon,5
gangbang,106
ganglie_(tas),4
ganondorf,4
gantu,4
gaomon,5
gaping,105
gaping_anus,105
gaping_mouth,105
gaping_vagina,105
garchomp,5
garden,107
gardevoir,5
garfield_the_cat,4
gargomon,5
gargoyle,5
garland,100
garrus_vakarian,4
garter,100
garter_belt,100
garter_straps,100
gas,105
gas_mask,100
gassy,105
gastly,5
gastropod,5
gatomon,5
gauged_ear,103
gauntlets,100
gawr_gura,4
gazelle,5
gazelle_(zootopia),4
gazimon,5
gear_(foxgear),4
gecko,5
gem,100
gem_(species),5
gemma_polson,4
gender_symbol,110
gender_transformation,105
genet,5
gengar,5
genie,5
genital_expansion,105
genital_fluids,104
genital_focus,108
genital_growth,105
genital_mutilation,105
genital_outline,110
genital_piercing,100
genital_shot,108
genital_slit,103
genital_torture,105
genital_worship,105
genitals,103
gentle_femdom,105
german_shepherd,5
gerudo,5
gervic_(vju79),4
gesture,108
ghost,5
ghost_hand,106
giant_pacific_octopus,5
giant_panda,5
gideon_grey,4
gift,100
gift_box,100
gift_wrapped,108
giga,105
gigantamax_pokemon,5
gilda_(mlp),4
gills,103
gimp_suit,105
girafarig,5
giraffe,5
giraffid,5
giratina,5
glaceon,5
glameow,5
glamfur,111
glamrock_chica,4
glamrock_freddy,4
glans,103
glass,100
glass_container,100
glass_cup,100
glasses,100
glasses_only,100
glistening,104
glistening_areola,104
glistening_arms,104
glistening_balls,104
glistening_belly,104
glistening_body,104
glistening_breasts,104
glistening_butt,104
glistening_clothing,104
glistening_eyelids,104
glistening_eyes,104
glistening_fur,104
glistening_genitalia,104
glistening_glans,104
glistening_legs,104
glistening_pawpads,104
glistening_penis,104
glistening_pussy,104
glistening_skin,104
glistening_tail,104
glistening_thighs,104
glistening_tongue,104
glitchtrap,4
gloria_(madagascar),4
gloria_(pokemon),4
glorp,110
glory_hole,105
gloves,100
gloves_(marking),100
gloves_only,100
glowing,103
glowing_body,103
glowing_cum,104
glowing_eyes,103
glowing_genitalia,103
glowing_horn,103
glowing_markings,103
glowing_nipples,103
glowing_penis,103
glowing_pussy,103
glowing_tongue,103
glowstick,100
gnar_(lol),4
gnoll,5
gnome,5
goat,5
goat_demon,5
goat_humanoid,5
goat_lucifer_(helltaker),4
goatee,103
goblin,5
godzilla,4
goemon_(tas),4
goggles,100
goggles_on_head,100
goku,4
gold_(metal),100
gold_bikini,100
gold_bracelet,100
gold_chain,100
gold_chastity_cage,105
gold_coin,100
gold_jewelry,100
gold_necklace,100
gold_ring,100
gold_tooth,103
golden_eagle,5
golden_freddy_(fnaf),4
golden_retriever,5
golden_shower,105
goldfish,5
gomamon,5
goo-connected_lips,104
goo_creature,5
goo_dragon,5
goo_drip,104
goo_humanoid,5
goo_transformation,104
good_boy,105
good_girl,105
goodra,5
goofy_(disney),4
goomba,5
goon_(goonie_san),4
goose,5
gore,105
gore_focus,105
gorgon,5
gorilla,5
goth,111
gothitelle,5
gouhin_(beastars),4
gourgeist,5
grabbing,101
grabbing_both_thighs,101
grabbing_from_behind,101
grabbing_sheets,101
gradient_background,107
gradient_hair,102
gradient_penis,102
graffiti,110
grandfathered_content,7
grape,100
graphite_(artwork),7
grass,107
great_dane,5
great_white_shark,5
greaves,100
green_anus,102
green_areola,102
green_background,107
green_balls,102
green_body,102
green_bottomwear,100
green_claws,102
green_clothing,100
green_dress,100
green_ears,102
green_eyes,102
green_eyeshadow,100
green_feathers,102
green_footwear,100
green_fox_(foxes_in_love),4
green_fur,102
green_genitals,102
green_glans,102
green_hair,102
green_hat,100
green_headwear,100
green_highlights,100
green_horn,102
green_inner_ear,102
green_jacket,100
green_legwear,100
green_lips,102
green_makeup,100
green_markings,102
green_nails,102
green_nipples,102
green_nose,102
green_panties,100
green_pants,100
green_pawpads,102
green_penis,102
green_pupils,102
green_scales,102
green_sclera,102
green_shirt,100
green_shorts,100
green_skin,102
green_stripes,102
green_sweater,100
green_swimwear,100
green_tail,102
green_text,110
green_tongue,102
green_topwear,100
green_underwear,100
green_vulva,102
green_wings,102
green_yoshi,5
greeting,101
gregg_lee,4
greninja,5
grey_areola,102
grey_background,107
grey_balls,102
grey_beak,102
grey_belly,102
grey_body,102
grey_border,110
grey_bottomwear,100
grey_claws,102
grey_clothing,100
grey_countershading,102
grey_ears,102
grey_eyes,102
grey_face,102
grey_feathers,102
grey_footwear,100
grey_fur,102
grey_genitals,102
grey_hair,102
grey_hooves,102
grey_horn,102
grey_inner_ear,102
grey_markings,102
grey_nipples,102
grey_pants,100
grey_pawpads,102
grey_penis,102
grey_scales,102
grey_sclera,102
grey_shirt,100
grey_shorts,100
grey_skin,102
grey_spots,102
grey_squirrel,5
grey_stripes,102
grey_tail,102
grey_text,110
grey_topwear,100
grey_tuft,102
grey_underwear,100
grey_vulva,102
grey_wings,102
greyscale,7
grid_layout,7
grin,101
grinding,101
gris_swimsuit,3
grizzly_(we_bare_bears),4
grizzly_bear,5
grookey,5
grope,101
groudon,5
ground_squirrel,5
group,106
group_masturbation,106
group_nudity,108
group_sex,105
grovyle,5
growling,101
growlithe,5
growlmon,5
growth,108
gryphon,5
guardian_spirit,5
gui,110
guiche_piercing,100
guide_lines,7
guilmon,5
guitar,100
gull,5
gulonine,5
gulusgammamon,5
gumball_watterson,4
gummigoo_(tadc),4
gummy_(food),100
gummy_(mlp),4
gummy_creature,5
gun,100
guts,103
gwen_martin,4
gwen_tennyson,4
gyaru,109
gym,107
gym_leader,4
gym_shorts,100
gynomorph,106
gynomorph/ambiguous,106
gynomorph/female,106
gynomorph/gynomorph,106
gynomorph/herm,106
gynomorph/male,106
gynomorph_anthro,106
gynomorph_humanoid,106
gynomorph_on_anthro,106
gynomorph_on_feral,106
gynomorph_on_human,106
gynomorph_on_humanoid,106
gynomorph_penetrated,106
gynomorph_penetrating,106
gynomorph_penetrating_anthro,106
gynomorph_penetrating_female,106
gynomorph_penetrating_feral,106
gynomorph_penetrating_gynomorph,106
gynomorph_penetrating_human,106
gynomorph_penetrating_humanoid,106
gynomorph_penetrating_intersex,106
gynomorph_penetrating_male,106
gynomorph_pred,106
gyobu_(tas),4
gyro_feather,4
hadou_(satsui-n0-had0u),4
hadrosaurid,5
haida_(aggretsuko),4
hair,103
hair_accessory,103
hair_bow,103
hair_bun,103
hair_grab,103
hair_over_eye,103
hair_over_eyes,103
hair_ribbon,103
hair_tie,103
hairband,100
hairclip,100
hairless,103
hairless_cat,5
hairless_dog,5
hairy,103
hairy_balls,103
hairy_legs,103
hairy_pussy,103
half-closed_eyes,103
half-erect,108
half-length_portrait,7
halloween,3
halloween_costume,100
halo,100
halter,100
halter_top,100
hammer,100
hammock,100
hamster,5
hand_behind_head,103
hand_fan,103
hand_gesture,103
hand_holding,103
hand_imprint,103
hand_in_pocket,103
hand_in_underwear,103
hand_on_another's_breast,103
hand_on_another's_butt,103
hand_on_another's_head,103
hand_on_back,108
hand_on_belly,103
hand_on_breast,103
hand_on_butt,103
hand_on_chest,103
hand_on_face,103
hand_on_head,103
hand_on_hip,103
hand_on_knee,103
hand_on_leg,103
hand_on_neck,103
hand_on_own_belly,103
hand_on_own_breast,103
hand_on_own_butt,103
hand_on_own_hip,103
hand_on_penis,103
hand_on_shoulder,103
hand_on_thigh,103
hand_print,103
hand_spike,103
hand_wraps,103
handcuffed,105
handcuffs,100
handgun,100
handjob,105
handjob_while_penetrating,105
handle,100
hands-free,108
hands_above_head,103
hands_behind_back,108
hands_behind_head,103
hands_in_both_pockets,103
hands_on_hips,103
hands_on_legs,103
hands_tied,103
hands_together,103
handstand,108
handwear,100
handwritten_text,7
hanging_breasts,103
haplorhine,5
happy,108
happy_birthday,108
happy_sex,108
happy_trail,103
hard_hat,100
hare,5
harem,108
harem_outfit,100
hariet_(mario),4
harness,100
harness_ball_gag,105
harness_gag,105
harness_only,105
harpy,5
haru_(beastars),4
hat,100
hat_only,100
hatching_(art),7
hatsune_miku,4
hatterene,5
haunter,5
haxorus,5
hay,107
hay_bale,100
haydee,4
hazard_symbol,110
hazel_(shakotanbunny),4
head_between_breasts,103
head_crest,103
head_feathers,103
head_fin,103
head_first,103
head_frill,103
head_grab,103
head_in_mouth,103
head_markings,103
head_spikes,103
head_tuft,103
head_turned,103
head_wings,103
headband,100
headdress,100
header,110
header_box,110
headgear,100
headgear_only,100
headkerchief,100
headpat,101
headphones,100
headphones_around_neck,100
headset,100
headshot_portrait,7
headwear,100
headwear_only,100
health_bar,109
heart_(mad_rat_dead),4
heart_(marking),103
heart_censor,110
heart_clothing,100
heart_eyes,110
heart_gesture,110
heart_print,100
heart_symbol,110
heart_underwear,100
hearts_around_head,110
heat_(temperature),107
hedgehog,5
hekapoo,4
helia_peppercats,4
helicopter,100
hellhound,5
hello_kitty_(character),4
helmet,100
hemipenes,103
herding_dog,5
herm,106
herm/female,106
herm/male,106
herm_anthro,106
herm_on_anthro,106
herm_penetrated,106
herm_penetrating,106
herpestid,5
heterochromia,103
hex_maniac,4
hiccup_horrendous_haddock_iii,4
high-angle_view,109
high_heeled_boots,100
high_heeled_sandals,100
high_heels,100
highland_cattle,5
highlights_(coloring),102
hilda_(pokemon),4
hindpaw,103
hip_grab,103
hip_tuft,103
hippogriff,5
hiro_amanokawa,4
hisuian_form,5
hisuian_typhlosion,5
hisuian_zoroark,5
hisuian_zorua,5
hitachi_magic_wand,100
hitch_trailblazer_(mlp),4
ho-oh,5
hobkin,5
hogtied,105
holding_another,101
holding_ball,101
holding_belly,101
holding_beverage,101
holding_book,101
holding_both_legs,101
holding_bottle,101
holding_breast,101
holding_butt,101
holding_cellphone,101
holding_character,101
holding_cigarette,101
holding_clipboard,101
holding_clothing,101
holding_condom,101
holding_container,101
holding_controller,101
holding_cup,101
holding_dildo,101
holding_flag,101
holding_flower,101
holding_food,101
holding_game_controller,101
holding_glass,101
holding_gun,101
holding_handgun,101
holding_headgear,101
holding_knife,101
holding_leash,105
holding_leg,101
holding_legs_up,101
holding_melee_weapon,101
holding_microphone,101
holding_mug,101
holding_musical_instrument,101
holding_object,101
holding_pen,101
holding_penis,101
holding_phone,101
holding_plushie,101
holding_pokeball,101
holding_polearm,101
holding_ranged_weapon,101
holding_sex_toy,101
holding_smartphone,101
holding_spear,101
holding_staff,101
holding_sword,101
holding_tail,101
holding_tool,101
holding_towel,101
holding_underwear,101
holding_weapon,101
hole_(anatomy),103
holiday_message,110
holidays,107
holly_(plant),107
holo_(spice_and_wolf),4
hologram,107
holowear_(pokemon),100
holstein_friesian_cattle,5
holster,100
homophobic_slur,110
honey_(food),100
honey_badger,5
honey_the_cat,4
hood,100
hoodie,100
hoodie_only,100
hook,100
hook_hand,103
hoop_ear_ring,100
hoopa,5
hooved_fingers,103
hooved_toes,103
hooves,103
horizontal_cloaca,103
horizontal_diphallism,103
horizontal_pupils,103
horkeu_kamui_(tas),4
horn,103
horn_grab,103
horn_jewelry,103
horn_piercing,103
horn_ring,103
horned_humanoid,5
horned_owl,5
hornet_(hollow_knight),4
horror_(theme),108
horse,5
horse_humanoid,5
hose,100
hose_inflation,105
hospital,107
hot_dog,100
hot_dogging,101
hot_spring,107
hot_tub,107
hotpants,100
houndoom,5
houndour,5
hourglass_figure,103
house,107
house_mouse,5
hrothgar,5
hug,101
huge_anus,103
huge_areola,103
huge_balls,103
huge_belly,103
huge_breasts,103
huge_bulge,103
huge_butt,103
huge_dildo,100
huge_feet,103
huge_hips,103
huge_knot,103
huge_muscles,103
huge_nipples,103
huge_pecs,103
huge_penetration,101
huge_penis,103
huge_tail,103
huge_teats,103
huge_thighs,103
hugging_another,101
hugging_from_behind,101
hugging_object,101
hugging_penis,101
hugging_pillow,101
hugtastic_pinkie_pie,4
human,5
human_and_animal_ears,103
human_focus,109
human_on_anthro,106
human_on_bottom,106
human_on_feral,106
human_on_human,106
human_on_humanoid,106
human_only,106
human_penetrated,106
human_penetrating,106
human_penetrating_anthro,106
human_penetrating_female,106
human_penetrating_feral,106
human_penetrating_human,106
human_penetrating_humanoid,106
human_penetrating_male,106
human_pov,109
human_prey,101
human_to_anthro,101
human_to_feral,101
humanized,108
humanoid,5
humanoid_ears,103
humanoid_feet,103
humanoid_focus,109
humanoid_genitalia,103
humanoid_genitalia_on_feral,103
humanoid_hands,103
humanoid_on_anthro,106
humanoid_on_feral,106
humanoid_on_humanoid,106
humanoid_penetrated,106
humanoid_penetrating,106
humanoid_penetrating_anthro,106
humanoid_penetrating_female,106
humanoid_penetrating_human,106
humanoid_penetrating_humanoid,106
humanoid_penetrating_male,106
humanoid_penis,103
humanoid_pointy_ears,103
humanoid_pussy_on_feral,103
humanoid_taur,5
humanoid_vulva,103
humanoidized,108
humiliation,105
humor,110
hung_(arknights),4
hunting_dog,5
husband,106
husband_and_wife,106
husk_(hazbin_hotel),4
husky,5
hybrid,5
hybrid_genitalia,103
hybrid_penis,103
hydra,5
hydreigon,5
hyena,5
hylian,5
hymenopteran,5
hyper,105
hyper_anus,103
hyper_areola,103
hyper_balls,103
hyper_belly,103
hyper_breasts,103
hyper_bulge,103
hyper_butt,103
hyper_cum,104
hyper_feces,105
hyper_genitalia,103
hyper_hips,103
hyper_inflation,105
hyper_muscles,103
hyper_nipples,103
hyper_pecs,103
hyper_penis,103
hyper_pregnancy,103
hyper_pussy,103
hyper_thighs,103
hypno_(pokemon),5
hypnosis,105
hypnotic_eyes,103
hypnotic_visor,100
i_mean_breast_milk,3
ice,100
ice_bear_(we_bare_bears),4
ice_cream,100
ice_cream_cone,100
icewing_(wof),5
icon,7
iguana,5
ilulu,4
imminent_anal,105
imminent_death,108
imminent_facesitting,105
imminent_knotting,105
imminent_oral,101
imminent_rape,105
imminent_sex,101
imminent_vore,105
immobile,103
imp,5
impact_onomatopoeia,110
implied_oral,101
impmon,5
impregnation,108
impregnation_request,101
imprint,108
improvised_dildo,100
improvised_sex_toy,101
in_container,108
in_heat,105
in_mouth,108
in_tree,108
inanimate_transformation,105
inbreeding,105
incineroar,5
inco_(iwhtg),4
indeedee,5
industrial_piercing,100
ineffective_censorship,110
ineffective_clothing,100
ineffective_loincloth,100
infantilism,105
infernape,5
infestation,105
infidelity,105
infinite_(sonic),4
inflatable,105
inflation,105
inflation_fetish,105
information_board,100
inkblot,5
inkling,5
inkling_girl,4
inner_ear_fluff,103
inner_monologue,110
inner_tube,100
innie_vulva,103
insane,103
insect,5
insect_humanoid,5
insect_wings,103
insemination_request,105
inside,107
inside_balls,109
inside_car,107
inside_stomach,107
inside_train,107
inteleon,5
intelligence_loss,108
interlocked_fingers,101
internal,109
internal_anal,105
internal_oral,101
internal_vaginal,103
interrobang,110
intersex,106
intersex/ambiguous,106
intersex/female,106
intersex/intersex,106
intersex/male,106
intersex_anthro,106
intersex_feral,106
intersex_human,106
intersex_humanoid,106
intersex_on_anthro,106
intersex_on_bottom,106
intersex_on_feral,106
intersex_on_human,106
intersex_on_humanoid,106
intersex_on_top,106
intersex_penetrated,106
intersex_penetrating,106
intersex_penetrating_anthro,106
intersex_penetrating_female,106
intersex_penetrating_feral,106
intersex_penetrating_humanoid,106
intersex_penetrating_intersex,106
intersex_penetrating_male,106
intersex_pred,106
interspecies,106
interspecies_domination,106
interspecies_impregnation,106
intestines,103
intraspecies,106
inverted_cross,110
inverted_nipples,103
inviting,101
ippan_josei,4
iradeon,5
iris,103
irken,5
irrumatio,105
isabelle_(animal_crossing),4
island,107
it'll_never_fit,108
ivy_(deadlock),4
ivy_pepper,4
ivysaur,5
izuku_midoriya,4
izzy_moonbow_(mlp),4
j-fashion,109
jack-o'-lantern,100
jack-o'_pose,108
jack_(beastars),4
jack_frost_(megami_tensei),4
jack_russell_terrier,5
jack_savage,4
jackal,5
jackal_humanoid,5
jackalope,5
jacket,100
jacki_northstar,4
jaguar,5
jake_clawson,4
jake_long,4
jake_the_dog,4
japanese_clothing,100
japanese_kobold,5
japanese_school_uniform,100
japanese_text,7
jar,100
jax_(tadc),4
jay_(1upgobbo),4
jean_(minecraft),4
jeans,100
jellyfish,5
jenna_(balto),4
jenny_(bucky_o'hare),4
jenny_wakeman,4
jerboa,5
jerry_mouse,4
jersey,100
jess_(teckly),4
jessica_rabbit,4
jester,111
jet,100
jet_the_hawk,4
jewel_(rio),4
jewel_buttplug,105
jewelry,100
jewelry_only,100
jex,5
jigglypuff,5
jingle_bell,100
jirachi,5
jockstrap,105
jockstrap_only,105
jolteon,5
joltik,5
jon_talbain,4
jonty,4
josou_seme,106
judy_hopps,4
julie_bruin,4
jumping,101
jumpsuit,100
jungle,107
juno_(beastars),4
juuichi_mikazuki,4
k.k._slider,4
kaa_(jungle_book),4
kaiju,5
kaka_(blazblue),5
kalnareff_(character),4
kanga,4
kangaroo,5
kangaskhan,5
kanna_(blaster_master),4
kanna_kamui,4
karyl_(princess_connect!),4
kass_(tloz),4
katana,100
kathrin_vaughan,4
katia_managan,4
katrina_fowler,4
katt_monroe,4
kazooie,4
kecleon,5
keidran,5
keith_keiser,4
keldeo,5
kemono,109
kennen_(lol),4
kerchief,100
kerchief_only,100
key,100
keyboard,100
keyboard_instrument,100
keyhole_clothing,100
khajiit,5
kiara_(the_lion_king),4
kick,101
kicks_(animal_crossing),4
kidnapping,101
kig-yar,5
killing,101
kimiko_five-tails,4
kimono,100
king,111
king_cheetah,5
king_clawthorne,4
king_dedede,4
king_ghidorah,4
king_k._rool,4
king_sombra_(mlp),4
kion_(the_lion_guard),4
kirby,4
kirin,5
kirlia,5
kiss_mark,101
kiss_on_lips,101
kissing,101
kissing_bough,101
kissing_cheek,101
kit_(kitsune_youkai),4
kit_cloudkicker,4
kitchen,107
kitchen_appliance,100
kitchen_utensils,100
kitty_katswell,4
kitty_softpaws,4
kled_(lol),4
klonoa,4
knee_highs,100
knee_pads,100
knee_socks,100
knee_tuft,103
kneeling,108
kneeling_oral_position,101
knife,100
knight,111
knock-kneed,103
knot,105
knot_in_sheath,105
knot_root,105
knotted_dildo,100
knotted_equine_penis,103
knotted_humanoid_penis,103
knotted_penis,105
knotting,105
knuckles_the_echidna,4
koala,5
kobold,5
kogenta_(onmyou_taisenki),4
koi,5
komainu,5
komodo_dragon,5
kong,5
koopa,5
koopa_humanoid,5
koopa_troopa,5
koopaling,4
koraidon,5
korean_text,7
kounosuke_(morenatsu),4
kouya_(morenatsu),4
kovu_(the_lion_king),4
krampus,4
kremling,5
kris_(deltarune),4
krogan,5
krystal_(star_fox),4
kulve_taroth,5
kurama,4
kuromi,4
kuruk_(character),4
kyappy,4
kyogre,5
kyubi_(yo-kai_watch),4
lab_coat,100
labia_piercing,100
laboratory,107
laboratory_equipment,100
laboratory_glassware,100
labrador,5
labret_piercing,100
lace,100
lactating,108
lactating_through_clothing,108
ladder,100
ladder_piercing,100
lady_(lady_and_the_tramp),4
lady_bow,4
ladybug,5
lagomorph,5
lagomorph_humanoid,5
lake,107
lalafell,5
lamb_(cult_of_the_lamb),4
lamb_(lol),4
lamia,5
lammy_lamb,4
lamp,100
lampropeltini,5
land_forme_shaymin,5
landscape,107
landscape_dwarfing,108
lanolin_the_sheep_(sonic),4
lantern,100
lapras,5
laptop,100
laquine,5
large_group,106
larger_ambiguous,106
larger_anthro,106
larger_female,106
larger_feral,106
larger_gynomorph,106
larger_human,106
larger_humanoid,106
larger_intersex,106
larger_male,106
larger_penetrated,106
larger_pred,106
lari,5
larva,111
larvitar,5
laser,100
latex,105
latex_armwear,105
latex_body,105
latex_bodysuit,105
latex_boots,105
latex_clothing,105
latex_creature,5
latex_elbow_gloves,105
latex_gloves,105
latex_handwear,105
latex_legwear,105
latex_skinsuit,105
latex_stockings,105
latex_thigh_highs,105
latex_topwear,105
latex_transformation,105
latias,5
latios,5
laugh,101
laura_(twokinds),4
lava,107
law_(sdorica),4
leaf,100
leaf-nosed_bat,5
leaf_hair,103
leaf_tail,103
leafeon,5
leaking,104
leaking_cum,104
leaking_precum,104
leaning,108
leaning_forward,108
leaning_on_wall,108
leash,105
leash_in_mouth,105
leash_pull,105
leashed_collar,105
leashed_pov,105
leather,100
leather_clothing,100
leather_cuffs,105
leather_daddy,105
leather_harness,105
leather_jacket,100
leather_topwear,100
leavanny,5
leg_glider_position,101
leg_grab,103
leg_hair,103
leg_markings,103
leg_scar,103
leg_tattoo,103
leg_tuft,103
leg_warmers,103
leg_wrap,103
leg_wraps,103
legband,100
leggings,100
legless,103
lego,3
legoshi_(beastars),4
legs_back,103
legs_behind_head,103
legs_tied,103
legs_up,103
legwear,100
legwear_only,100
leib_(tas),4
lekku_(anatomy),103
lemur,5
leo_(vg_cats),4
leomon,5
leon_powalski,4
leona_(aka)_little_one,4
leonardo_(tmnt),4
leopard,5
leopard_cat,5
leopard_spots,103
leopardus,5
leotard,100
lepi,5
lepidopteran,5
lepidopteran_wings,103
leporid,5
letter,100
letterbox,7
leucistic,103
levitation,101
lgbt_pride,110
li_li_stormstout,4
liara_t'soni,4
library,107
licho_(tas),4
licking,101
licking_another,101
licking_cum,101
licking_lips,101
licking_own_lips,101
licking_tip,101
licking_tongue,101
liepard,5
lifeguard,111
liger,5
light,103
light_beam,109
light_fury,5
light_genitals,103
light_skin,103
lighting,7
lightning,104
lightning_dust_(mlp),4
lights,100
lightsaber,100
likulau,4
lila_(kashiwagi_aki),4
lilith_calah,4
lilligant,5
lilo_pelekai,4
lily_pad,107
limestone_pie_(mlp),4
lin_(changed),4
lin_hu,4
line_art,7
linear_sequence,108
lineup,108
lingerie,100
link,4
link_(wolf_form),4
linked_speech_bubble,110
linoone,5
lion,5
lion_humanoid,5
lip_piercing,103
lip_ring,103
lips,103
lipstick,100
lipstick_on_penis,108
liquid_inflation,105
liquid_latex,105
litten,5
little_red_riding_hood,4
livestream,108
living_aircraft,5
living_candy,5
living_clothing,5
living_cloud,5
living_condom,100
living_doll,5
living_fruit,5
living_inflatable,5
living_insertion,105
living_latex,5
living_machine,5
living_pinata,5
living_plushie,5
living_room,107
living_sex_doll,5
living_sex_toy,101
living_tail,103
living_toy,5
living_vehicle,5
lizard,5
lizard_(petruz),4
lizard_(rain_world),5
lizard_humanoid,5
lizardman,5
lizardman_(overlord),5
llama,5
lock,100
lock_bulge,105
lock_symbol,110
locker,100
locker_room,107
log,100
logo,110
loincloth,100
loincloth_aside,100
loincloth_only,100
lola_bunny,4
lolbit_(fnaf),4
loli,106
lolita_(fashion),109
lollipop,100
lombax,5
long_body,103
long_claws,103
long_ears,103
long_eyelashes,103
long_foreskin,103
long_hair,103
long_horn,103
long_legs,103
long_mouth,103
long_neck,103
long_penis,103
long_sleeves,100
long_snout,103
long_socks,100
long_tail,103
long_tongue,103
looking_aside,109
looking_at_another,109
looking_at_anus,109
looking_at_breasts,109
looking_at_genitalia,109
looking_at_mirror,109
looking_at_object,109
looking_at_penis,109
looking_at_phone,109
looking_at_porn,109
looking_at_self,109
looking_at_viewer,109
looking_away,108
looking_back,109
looking_back_at_viewer,109
looking_down,109
looking_down_at_another,109
looking_down_at_self,109
looking_down_at_viewer,109
looking_pleasured,109
looking_through,109
looking_through_legs,109
looking_up,109
looming,101
loona_(helluva_boss),4
loose_feather,103
loose_foreskin,103
lop_(star_wars_visions),4
lop_ears,103
lopunny,5
lord_dominator,4
lotus_(mlp),4
louie_duck,4
louis_(beastars),4
lovander,5
love_handles,103
lovetaste_chica,4
low-angle_view,109
low_key_toxtricity,5
lt._fox_vixen,4
lube,100
lube_bottle,100
lube_in_ass,104
lucario,5
luck_(animancer),4
lucky_pierre,106
lugia,5
luigi,4
lulu_(lol),4
lunala,5
lurantis,5
luxio,5
luxray,5
lycanroc,5
lying,108
lying_on_bed,108
lying_on_ground,108
lying_on_sofa,108
lynx,5
lyra_heartstrings_(mlp),4
mabel_able,4
macan_(tas),4
macaw,5
machamp,5
machine,100
machine_gun,100
machoke,5
mackerel_shark,5
mackerel_tabby,5
macro,105
macro_anthro,106
macro_female,106
macro_male,106
macropod,5
mad_rat_(mad_rat_dead),4
mae_borowski,4
magazine,100
magazine_cover,7
maggie_hudson,4
magic,101
magic_circle,110
magic_user,111
magic_wand,100
magikarp,5
magikoopa,5
magnemite,5
magpie_(corvid),5
maid_headdress,100
maid_marian,4
maid_uniform,100
maine_coon,5
majin,5
majin_android_21,4
makeup,100
makoto_nanaya,4
mal0,4
male,106
male/ambiguous,106
male/female,106
male/male,106
male_(lore),8
male_anthro,106
male_dominating_female,106
male_dominating_human,106
male_dominating_male,106
male_feral,106
male_fingered,106
male_fingering_anthro,106
male_focus,108
male_human,106
male_humanoid,106
male_impregnation,106
male_lactation,106
male_on_anthro,106
male_on_bottom,106
male_on_feral,106
male_on_human,106
male_on_humanoid,106
male_on_top,106
male_peeing,106
male_penetrated,106
male_penetrating,106
male_penetrating_ambiguous,106
male_penetrating_andromorph,106
male_penetrating_anthro,106
male_penetrating_female,106
male_penetrating_feral,106
male_penetrating_gynomorph,106
male_penetrating_herm,106
male_penetrating_human,106
male_penetrating_humanoid,106
male_penetrating_intersex,106
male_penetrating_male,106
male_pov,106
male_pred,106
male_prey,106
male_rape,106
male_raped,106
male_raping_anthro,106
male_raping_female,106
male_rimmed,106
male_rimming,106
male_rimming_anthro,106
male_rimming_male,106
male_symbol,106
maleherm,106
malo,5
mamagen,5
mammal,5
mammal_humanoid,5
mammal_taur,5
mammon_(helluva_boss),4
mammoth,5
mandibles,103
mane,103
mane_hair,103
mane_six_(mlp),4
manectric,5
maned_wolf,5
mangle_(fnaf),4
manitka_storm,4
manta_ray,5
manticore,5
mantis,5
map,100
maractus,5
marble_fox,5
marble_pie_(mlp),4
marceline_abadeer,4
marci_hetson,4
marie_(splatoon),4
marijuana,100
marina_(splatoon),4
marine,5
marine_humanoid,5
marine_the_raccoon,4
mario,4
marionette_(fnaf),4
marker,100
marker_(artwork),7
markings,103
married_couple,108
marshal_(animal_crossing),4
marshtomp,5
marsupial,5
marten,5
martian,5
mascara,100
mascot,111
mask,100
mask_(marking),100
mass_vore,105
mastectomy_scar,103
master,105
master_po_ping,4
master_splinter,4
master_tigress,4
master_viper,4
mastery_position,101
mastiff,5
masturbating_while_penetrated,101
masturbation,101
masyunya_(vkontakte),4
mating_press,101
mature,106
mature_anthro,106
mature_female,106
mature_feral,106
mature_gynomorph,106
mature_intersex,106
mature_male,106
maud_pie_(mlp),4
mawile,5
mawplay,105
max_(sam_and_max),4
max_goof,4
may_(pokemon),4
mayor_mare_(mlp),4
meat,100
mecha,107
mechanic,111
mechanical_arm,103
medial_ring,100
medial_ringed_humanoid_penis,103
medical,108
medical_instrument,100
medicham,5
medieval,107
medium_breasts,103
medium_hair,103
medli,4
meerkat,5
mega_absol,5
mega_banette,5
mega_charizard,5
mega_charizard_x,5
mega_charizard_y,5
mega_evolution,5
mega_gardevoir,5
mega_lopunny,5
mega_lucario,5
mega_mewtwo,5
megabat,5
meganium,5
megumi_bandicoot,4
melanistic,103
melee_weapon,100
meles,5
meloetta,5
meloetta_(aria_form),5
melting,101
membrane_(anatomy),103
membranous_frill,103
membranous_wings,103
meme,7
meme_clothing,100
meow_(space_dandy),4
meow_skulls,4
meowscarada,5
meowscles,4
meowstic,5
meowth,5
mephitid,5
mercenary_(grimoire_of_zero),4
merfolk,5
merging,101
meru_(merunyaa),4
mesprit,5
messy,104
messy_hair,103
meta_knight,4
metal,100
metal_collar,105
metal_cuffs,100
metal_sonic,4
metallic_body,103
mettaton,4
mettaton_ex,4
mew_(pokemon),5
mewtwo,5
mexican_wolf,5
mia_(world_flipper),4
mia_moretti,4
michelangelo_(tmnt),4
michelle_(dashboom),4
michiru_kagemori,4
mickey_mouse,4
micro,105
micro_bikini,100
micro_organism_(organism),5
microphone,100
microraptor,5
microsoft_paint_(artwork),7
mid_transformation,108
midair,108
midday_lycanroc,5
middle_finger,110
midna,4
midnight_lycanroc,5
midriff,108
mienfoo,5
mienshao,5
mightyena,5
miia_(monster_musume),4
mike_schmidt,4
milachu,4
miles_prower,4
military,107
military_uniform,100
milk,103
milk_container,103
milking_machine,103
milky_way_(flash_equestria),4
milla_basset,4
millie_(helluva_boss),4
milotic,5
miltank,5
mimic_chest,5
mimiga,5
mimikyu,5
mina_mongoose,4
minccino,5
mind_control,101
mind_flayer,5
minecraft,3
mineral_fauna,5
mineral_humanoid,5
minerva_mink,4
miniskirt,100
mink,5
minkmen_(one_piece),5
minnie_mouse,4
minotaur,5
minuette_(mlp),4
minun,5
miqo'te,5
mirage_(disney),4
miraidon,5
miranda_(wakfu),4
mirror,100
mirror_reflection,111
mirror_selfie,109
mismagius,5
mismatched_animal_penis,103
mismatched_genitalia,103
mismatched_penis,103
missing_arm,103
missionary_position,101
mistletoe,107
misty_(pokemon),4
mittens,100
mixed_breed,5
mixed_media,7
miyu_(star_fox),4
mizutsune,5
mmf,110
mmf_threesome,105
moan,110
model_sheet,7
mohawk,103
mokdai,4
mole_(animal),5
mole_(marking),103
mollusk,5
mollusk_humanoid,5
molosser,5
momiji_inubashiri,4
mommy_kink,105
momo_(google),4
money,100
mongoose,5
monitor,100
monitor_lizard,5
monkey,5
monkey_humanoid,5
monochrome,7
monocle,100
monomasa,4
monotone_background,107
monotone_balls,102
monotone_belly,102
monotone_body,102
monotone_bottomwear,100
monotone_breasts,102
monotone_clothing,100
monotone_face,102
monotone_fur,102
monotone_genitals,102
monotone_hair,102
monotone_penis,102
monotone_skin,102
monotone_skirt,100
monotone_tail,102
monotone_topwear,100
monotreme,5
monster,5
monster_girl_(genre),3
monster_kid,4
monstrous_humanoid,5
montgomery_gator,4
montgomery_glands,103
moobs,103
moogle,5
moon,107
moon_bear,5
moondancer_(mlp),4
mooning,101
moonlight,107
moose,5
mora_linda,4
morbidly_obese,103
morbidly_obese_anthro,106
morbidly_obese_female,106
morbidly_obese_male,106
mordecai_(regular_show),4
morgana_(persona),4
moritaka_(tas),4
morning,107
morning_wood,108
morrigan_aensland,4
mosaic_censorship,7
moss,107
mostly_nude,108
mostly_nude_anthro,106
mostly_nude_female,106
mostly_nude_gynomorph,106
mostly_nude_humanoid,106
mostly_nude_intersex,106
mostly_nude_male,106
moth,5
moth_humanoid,5
motion_blur,109
motion_lines,110
motor_vehicle,100
motorcycle,100
mottled,103
mottled_body,103
mottled_genitals,103
mottled_penis,103
mountain,107
mountain_dog,5
mounting,101
mouse,5
mouse_humanoid,5
mouse_tail,103
moushley,4
mouth_closed,108
mouth_hold,101
mouth_play,105
mouth_shot,109
mouthless,103
moxxie_(helluva_boss),4
mr._snake_(the_bad_guys),4
mr._wolf_(the_bad_guys),4
mrs._brisby,4
mrs._cake_(mlp),4
mrs._katswell,4
mrs._shy_(mlp),4
mrs._wilde,4
ms._harshwhinny_(mlp),4
mtf_crossgender,106
mtf_transformation,106
mtg_crossgender,106
mti_crossgender,106
mti_transformation,106
mud,107
mudkip,5
mudsdale,5
mufasa,4
muffet,4
muffled,108
mug,100
muk,5
mule,5
mule_deer,5
multi_arm,103
multi_balls,103
multi_breast,103
multi_ear,103
multi_eye,103
multi_genitalia,103
multi_head,103
multi_horn,103
multi_leg,103
multi_limb,103
multi_nipple,103
multi_penis,103
multi_tail,103
multicolored_antennae,102
multicolored_body,102
multicolored_bottomwear,100
multicolored_clothing,100
multicolored_dress,100
multicolored_ears,102
multicolored_eyes,102
multicolored_face,102
multicolored_feathers,102
multicolored_footwear,100
multicolored_fur,102
multicolored_genitals,102
multicolored_hair,102
multicolored_horn,102
multicolored_legwear,100
multicolored_mane,102
multicolored_penis,102
multicolored_scales,102
multicolored_shirt,100
multicolored_shoes,100
multicolored_skin,102
multicolored_skirt,100
multicolored_socks,100
multicolored_swimwear,100
multicolored_tail,102
multicolored_thigh_highs,100
multicolored_topwear,100
multicolored_underwear,100
multicolored_wings,102
multiple_ova,110
multiple_poses,109
multiple_positions,109
multiple_pregnancies,104
multiple_prey,101
multiple_scenes,7
mummy,5
mummy_wrappings,100
murid,5
murine,5
murine_humanoid,5
muscle_growth,103
musclegut,103
muscular,103
muscular_andromorph,106
muscular_anthro,103
muscular_arms,103
muscular_bottom,103
muscular_dom,103
muscular_female,106
muscular_femboy,103
muscular_feral,103
muscular_gynomorph,106
muscular_human,103
muscular_humanoid,103
muscular_intersex,106
muscular_legs,103
muscular_male,106
muscular_sub,103
muscular_thighs,103
muscular_top,103
muscular_young,106
mushroom,100
mushroom_humanoid,5
music,111
musical_instrument,100
musical_note,110
musk,105
musk_clouds,105
musky_armpit,105
musky_balls,105
musky_butt,105
musky_penis,105
mustache,103
mustelid,5
mustelid_humanoid,5
musteline,5
mutilation,105
mutual_masturbation,101
muzzle_(object),103
muzzle_piercing,103
muzzled,108
my_melody,4
myriapod,5
mythological_avian,5
mythological_canine,5
mythological_carbuncle,5
mythological_creature,5
mythological_equine,5
mythological_firebird,5
mythological_scalie,5
mythological_sphinx,5
na'vi,5
nadia_fortune,4
naga,5
nails,103
nala_(the_lion_king),4
name_tag,100
nanachi,4
naomi_(gvh),4
nardoragon,5
narehate,5
nargacuga,5
narinder,4
narration,110
narrow_hips,103
narrowed_eyes,103
naser_(gvh),4
nasus_(lol),4
natani,4
natural_breasts,103
nature,107
nature_background,107
navel,103
navel_fetish,105
navel_outline,103
navel_pendant,103
navel_penetration,103
navel_piercing,103
nazi,110
nazrin,4
nazuna_hiwatashi,4
neck_bite,103
neck_bulge,103
neck_frill,103
neck_grab,103
neck_markings,103
neck_ring,103
neck_tuft,103
neckerchief,100
neckerchief_only,100
necklace,100
necklace_only,100
necktie,100
neckwear,100
neco-arc,4
necrophilia,105
neeko_(lol),4
neon,107
neon_lights,107
neptune_mereaux,4
nergigante,5
nervous,101
net,100
netherland_dwarf_rabbit,5
nevrean,5
new_world_deer,5
new_world_monkey,5
new_year,3
newspaper,100
newt,5
nia_(senz),4
nick_wilde,4
nickit,5
nicole_the_lynx,4
nicole_watterson,4
nidoking,5
nidoqueen,5
nidoran,5
nidorina,5
nifram_logan,4
night,107
night_(dream_and_nightmare),4
night_elf,5
night_fury,5
night_light_(mlp),4
night_stalker_(fallout),5
nightclub,107
nightgown,100
nightmare_fuel,108
nightmare_moon_(mlp),4
nightmare_rarity_(idw),4
nightshade_(kadath),4
nightstand,100
nightwing_(wof),5
nika_sharkeh,4
niko_(oneshot),4
nimbat,5
ninetales,5
ninja,111
nintendo_controller,100
nipple_barbell,103
nipple_chain,103
nipple_clamp,103
nipple_dip,103
nipple_fetish,105
nipple_lick,103
nipple_outline,103
nipple_penetration,103
nipple_piercing,103
nipple_pinch,103
nipple_play,103
nipple_ring,103
nipple_slip,103
nipple_suck,103
nipple_tape,103
nipple_tuft,103
nipples,103
no_irises,103
no_nut_november,3
no_pupils,103
no_sclera,103
no_underwear,108
noelle_holiday,4
noivern,5
noms_(nimzy),4
non-euclidean_sex,101
noodles,100
noose,100
nordic_sled_dog,5
north_american_river_otter,5
northwestern_wolf,5
nose_horn,103
nose_piercing,100
nose_ring,100
nose_to_anus,108
nosebleed,101
not_furry,101
not_furry_focus,108
notched_ear,103
notebook,100
nozzle,100
nubless,4
nude,108
nude_anthro,106
nude_beach,107
nude_female,106
nude_gynomorph,106
nude_human,106
nude_humanoid,106
nude_intersex,106
nude_male,106
null_bulge,105
number,110
nun,111
nun_outfit,100
nurse,111
nurse_clothing,100
nurse_hat,100
nurse_headwear,100
nurse_redheart_(mlp),4
nurse_uniform,100
nut_(fruit),100
obese,103
obese_anthro,106
obese_female,106
obese_feral,106
obese_male,106
object_head,5
object_in_ass,105
object_in_mouth,108
object_insertion,105
object_penetration,101
obliques,103
obscured_eyes,108
obscured_penetration,101
obstagoon,5
occult_symbol,110
oceanic_dolphin,5
ocellus_(mlp),4
octavia_(helluva_boss),4
octavia_(mlp),4
octoling,5
octopodiform,5
octopus,5
octopus_humanoid,5
oekaki,7
off/on,110
off_shoulder,100
off_the_hook_(splatoon),4
office,107
office_chair,107
office_lady,107
officer_flint_(foresttherotten),4
official_art,7
offscreen_character,106
ogre,5
okapi,5
old_world_monkey,5
old_world_vulture,5
older_anthro,106
older_dom_younger_sub,106
older_female,106
older_gynomorph,106
older_intersex,106
older_male,106
older_on_young,106
older_penetrated,106
oleander_(tfh),4
olivia_(animal_crossing),4
olivia_halford,4
omnic,5
omorashi,105
on_back,108
on_bed,107
on_bench,108
on_bottom,108
on_chair,107
on_desk,108
on_front,108
on_glass,108
on_grass,108
on_ground,108
on_hind_legs,108
on_lap,108
on_one_knee,108
on_one_leg,108
on_side,108
on_sofa,107
on_table,107
on_top,108
on_towel,108
one-piece_swimsuit,100
one_breast_out,108
one_ear_up,108
one_eye_closed,108
one_eye_obstructed,108
one_leg_up,108
one_row_layout,7
onesie,100
oni,5
onomatopoeia,110
onsen,107
open_beak,103
open_bottomwear,100
open_clothing,100
open_coat,100
open_diaper,105
open_jacket,100
open_mouth,101
open_mouth_gag,105
open_pants,100
open_robe,100
open_shirt,100
open_smile,101
open_topwear,100
open_vest,100
oral,101
oral_invitation,101
oral_knotting,101
oral_masturbation,101
oral_orgasm,101
oral_penetration,101
oral_request,101
oral_vore,105
orange_areola,102
orange_background,107
orange_balls,102
orange_beak,102
orange_body,102
orange_border,110
orange_bottomwear,100
orange_clothing,100
orange_ears,102
orange_eyebrows,102
orange_eyes,102
orange_face,102
orange_feathers,102
orange_fur,102
orange_genitals,102
orange_hair,102
orange_horn,102
orange_inner_ear,102
orange_markings,102
orange_nipples,102
orange_pawpads,102
orange_penis,102
orange_scales,102
orange_sclera,102
orange_shirt,100
orange_skin,102
orange_stripes,102
orange_tail,102
orange_tongue,102
orange_topwear,100
orange_underwear,100
orange_vulva,102
orange_wings,102
orc,5
orca,5
organs,103
orgasm,104
orgasm_denial,105
orgasm_face,101
orgy,108
ori_(ori),4
orisa_(overwatch),4
ornithischian,5
ornn_(lol),4
orthopterid,5
oryctolagus,5
oryx,5
oscar_(fortnite),4
oscine,5
oshawott,5
osprey,5
ossicone,103
otter,5
ottsel,5
outie_navel,103
outline,109
outside,107
ovaries,103
overalls,100
oversized_clothing,100
oversized_pants,100
oversized_topwear,100
overstimulation,105
overweight,103
overweight_ambiguous,106
overweight_anthro,106
overweight_female,106
overweight_feral,106
overweight_gynomorph,106
overweight_humanoid,106
overweight_intersex,106
overweight_male,106
oviposition,105
ovipositor,103
ovum,103
ovum_with_heart,110
owl,5
owl_demon,5
pac-man,4
pachirisu,5
pacifier,100
pacifier_in_mouth,100
pack_leader_highwire,4
paddle,105
padlock,100
page_number,110
pain,105
paint,100
paintbrush,100
painting,109
painting_(artwork),7
pajamas,100
pal_(species),5
palamute,5
palico,5
palkia,5
palm_tree,107
pancake,100
pancham,5
panda_(we_bare_bears),4
pandaren,5
pangolin,5
pangoro,5
panther_caroso,4
pantherine,5
pantherine_humanoid,5
panties,100
panties_around_one_leg,100
panties_aside,100
panties_down,100
panties_only,100
panting,101
pants,100
pants_around_one_leg,108
pants_down,108
pantsing,101
panty_pull,101
panty_shot,109
pantyhose,100
paper,100
papyrus_(undertale),4
parakeet,5
parallel_sex,101
parappa,4
parasaurolophus,5
parasite,111
parasol,100
park,107
park_bench,107
parrot,5
partially_clothed,108
partially_clothed_anthro,101
partially_clothed_female,106
partially_clothed_male,106
partially_colored,7
partially_inside,108
partially_retracted_foreskin,108
partially_submerged,108
partially_visible_vulva,108
party,108
party_hat,100
pasties,100
pastoral_dog,5
pastry,100
patamon,5
patch_(fabric),100
patchwork_creature,5
patreon_logo,110
patricia_bunny,4
patricia_mac_sionnach,4
pattern_background,107
pattern_bikini,100
pattern_bottomwear,100
pattern_clothing,100
pattern_diaper,105
pattern_footwear,100
pattern_legwear,100
pattern_panties,100
pattern_pants,100
pattern_shirt,100
pattern_thigh_highs,100
pattern_topwear,100
pattern_underwear,100
pauldron,100
pavita_pechugona,4
paw_pose,108
pawpads,103
pawprint,110
pawprint_(marking),103
paws,103
peafowl,5
pear_butter_(mlp),4
pearl_(gem),100
pearl_(splatoon),4
pearl_necklace,100
peashooter_(pvz),5
pec_grab,101
pecs,103
pecs_with_breasts,103
pectoral_bulge,103
peeing,105
peeing_on_another,105
peeping,101
peg_pete,4
pegasus,5
pegging,105
pelecaniform,5
pelvic_curtain,103
pen,100
pen_(artwork),7
pencil_(object),100
pencil_skirt,100
pendant,100
pendulum,100
penetrable_sex_toy,101
penetrating_pov,109
penetration,101
penguin,5
penile,103
penile_masturbation,101
penile_penetration,101
penile_spines,103
penis,103
penis_accessory,103
penis_awe,103
penis_backwards,103
penis_base,103
penis_clothing,103
penis_creature,5
penis_everywhere,108
penis_expansion,101
penis_focus,109
penis_grab,101
penis_growth,101
penis_in_ass,103
penis_in_mouth,103
penis_in_penis,103
penis_in_vagina,103
penis_kissing,103
penis_lick,103
penis_milking,103
penis_milking_machine,103
penis_on_face,103
penis_on_head,103
penis_on_tongue,103
penis_outline,103
penis_piercing,103
penis_poking_out,103
penis_shaped_bulge,103
penis_shot,103
penis_shrinking,103
penis_size_difference,103
penis_tentacles,103
penis_through_fly,103
penis_through_leghole,103
penis_tip,103
penis_towards_viewer,108
penis_tuck,103
penis_worship,103
penises_touching,103
penny_fitzgerald,4
pentacle,110
pentagram,110
pepe_le_pew,4
peppy_hare,4
perching_position,101
percussion_instrument,100
perdita,4
peridot_(steven_universe),4
peril,108
perineum,103
persian_(pokemon),5
persian_cat,5
personal_grooming,101
perspective,109
pet_bowl,100
pet_praise,105
petals,107
petplay,105
petting,101
phasianid,5
pheromones,105
pheromosa,5
philippine_eagle,5
phoenix,5
phone,100
phone_call,108
photo,100
photo_background,107
photography_(artwork),7
pichu,5
picnic,108
pictographics,7
picture_frame,100
pidgeot,5
pie,100
piebald,103
piercing,103
pigeon,5
pigtails,103
pikachu,5
pikachu_libre,4
piko_(simplifypm),4
piledriver_position,101
pillar,107
pillow,100
pillow_humping,105
pilosan,5
pince-nez,100
pinch,101
pine_marten,5
pine_tree,107
pink_anus,102
pink_areola,102
pink_background,107
pink_balls,102
pink_body,102
pink_border,110
pink_bottomwear,100
pink_bow,100
pink_bra,100
pink_chastity_cage,105
pink_claws,102
pink_clitoris,102
pink_clothing,100
pink_collar,105
pink_dress,100
pink_ears,102
pink_eyebrows,102
pink_eyes,102
pink_eyeshadow,100
pink_feathers,102
pink_footwear,100
pink_fur,102
pink_genitals,102
pink_glans,102
pink_hair,102
pink_headwear,100
pink_highlights,100
pink_hoodie,100
pink_horn,102
pink_inner_ear,102
pink_legwear,100
pink_lips,102
pink_lipstick,100
pink_makeup,100
pink_mane,102
pink_markings,102
pink_mouth,102
pink_nails,102
pink_nipples,102
pink_nose,102
pink_panties,100
pink_pawpads,102
pink_paws,102
pink_penis,102
pink_scales,102
pink_sclera,102
pink_shirt,100
pink_skin,102
pink_skirt,100
pink_socks,100
pink_swimwear,100
pink_tail,102
pink_text,110
pink_theme,7
pink_thigh_highs,100
pink_tongue,102
pink_topwear,100
pink_underwear,100
pink_vulva,102
pink_wings,102
pink_yoshi,5
pinkamena_(mlp),4
pinkie_pie_(mlp),4
pinned,108
pinned_to_ground,108
pinniped,5
pinup,7
pipe,100
piplup,5
pipp_petals_(mlp),4
pipsqueak_(mlp),4
piranha_(fish),5
piranha_plant,5
pirate,111
pirate_eagle,4
pirate_tawna,4
pistol,100
pit_bull,5
pivoted_ears,103
pixel_(artwork),7
pizza,100
pizza_box,100
plaid,100
plaid_clothing,100
plaid_topwear,100
planet,107
plant,107
plant_hair,103
plant_humanoid,5
plant_pot,100
plantigrade,103
plap,110
plate,100
plate_armor,100
platform_footwear,100
platform_heels,100
platypus,5
playboy_bunny,100
playing_card,100
playing_guitar,101
playing_music,101
playing_video_game,101
pleated_skirt,100
plucked_string_instrument,100
plug_(sex_toy),105
plug_insertion,105
plump_labia,103
plushie,100
plushophilia,105
plusle,5
pockets,100
pointing,101
pointing_at_another,101
pointing_at_viewer,101
pointy_ears,103
pointy_speech_bubble,110
pokeball,100
pokemon_(species),5
pokemon_champion,4
pokemon_egg,100
pokemon_fusion,108
pokemon_humanoid,5
pokemon_speak,108
pokemon_trainer,4
pokemorph,5
polar_bear,5
polar_patroller,4
pole,107
pole_dancing,101
polearm,100
police,111
police_hat,100
police_officer,111
police_uniform,100
politics,111
polly_esther,4
polo_shirt,100
pom_poms,100
pomeranian,5
pomni_(tadc),4
pomsky,5
poncho,100
pond,107
pone_keith,4
ponification,105
pony,5
ponyplay,105
ponytail,103
ponytail_ears,103
poochyena,5
poodle,5
pool,107
pool_toy,105
poolside,107
pooping,101
popcorn,100
popplio,5
poppy_(lol),4
popsicle,100
porcupine,5
pornography,108
porsha_crystal,4
portal,107
portal_sex,101
portrait,7
pose,108
post-apocalyptic,108
poster,100
poster_template,100
potion,100
potion_bottle,100
potted_plant,100
pouch_(anatomy),103
pouch_(clothing),100
power_bottom,105
praise,105
precum,104
precum_drip,104
precum_on_ground,104
precum_on_penis,104
precum_string,104
precum_through_clothing,104
precum_through_underwear,104
predator/prey,106
pregnant,103
pregnant_anthro,103
pregnant_female,106
pregnant_feral,103
pregnant_humanoid,103
pregnant_intersex,106
pregnant_male,106
prehensile_feet,103
prehensile_penis,103
prehensile_tail,103
presenting,108
presenting_another,108
presenting_anus,108
presenting_balls,108
presenting_breasts,108
presenting_cloaca,108
presenting_cum_inside,108
presenting_hindquarters,108
presenting_penis,108
presenting_vulva,108
prick_ears,103
pride_color_accessory,100
pride_color_clothing,100
pride_color_flag,100
pride_colors,110
primarina,5
primate,5
primitive_dog,5
prince_albert_piercing,100
prince_sidon,4
princess,111
princess_bubblegum,4
princess_cadance_(mlp),4
princess_celestia_(mlp),4
princess_daisy,4
princess_ember_(mlp),4
princess_luna_(mlp),4
princess_molestia,4
princess_peach,4
princess_ruto,4
princess_zelda,4
print_clothing,100
print_panties,100
print_shirt,100
print_t-shirt,100
print_topwear,100
print_underwear,100
prison,107
prison_guard_position,101
prison_uniform,100
prisoner,111
procyonid,5
prodding,101
profanity,110
projectile_lactation,103
prolapse,105
prone_bone_position,101
prostate,103
prostate_orgasm,108
prostate_stimulation,105
prosthetic,103
prosthetic_arm,103
prosthetic_leg,103
prosthetic_limb,103
prostitution,101
protagonist_(live_a_hero),4
protagonist_(tas),4
protogen,5
protogen_visor,100
pseudo-penis,103
pseudo_hair,103
pseudo_mane,103
pterodactylus,5
pterosaur,5
pubes,103
pubic_boot,105
pubic_tattoo,103
public,107
public_humiliation,105
public_restroom,107
public_transportation,108
public_use,108
puddle,100
puffed_cheeks,101
puffy_anus,103
puffy_areola,103
puffy_nipples,103
pug,5
pulchra_fellini,4
pull_out,101
pulling_hair,101
pumkat,4
pumpkin,100
pumpkin_head,100
pumps,100
punch,101
punchy_(animal_crossing),4
punk,107
puppet,100
puppyplay,105
purgy,4
puro_(changed),4
purple_anus,102
purple_areola,102
purple_armwear,100
purple_background,107
purple_balls,102
purple_body,102
purple_border,110
purple_bottomwear,100
purple_claws,102
purple_clothing,100
purple_collar,105
purple_dress,100
purple_ears,102
purple_eyebrows,102
purple_eyes,102
purple_eyeshadow,100
purple_feathers,102
purple_footwear,100
purple_fur,102
purple_genitals,102
purple_glans,102
purple_gloves,100
purple_hair,102
purple_hat,100
purple_highlights,100
purple_horn,102
purple_inner_ear,102
purple_legwear,100
purple_lips,102
purple_lipstick,100
purple_makeup,100
purple_mane,102
purple_markings,102
purple_nails,102
purple_nipples,102
purple_nose,102
purple_panties,100
purple_pants,100
purple_pawpads,102
purple_penis,102
purple_scales,102
purple_sclera,102
purple_shirt,100
purple_skin,102
purple_stripes,102
purple_swimwear,100
purple_tail,102
purple_text,110
purple_tongue,102
purple_topwear,100
purple_underwear,100
purple_vulva,102
purple_wings,102
purring,110
purrloin,5
purse,100
purugly,5
puss_in_boots_(dreamworks),4
pussy_close-up,103
pussy_ejaculation_while_penetrated,104
pussy_floss,108
pussy_focus,109
pussy_juice_on_ground,104
pussy_juice_on_hand,104
pussy_juice_on_pussy,104
pussy_ring,103
pussy_tape,103
pussyjob,105
puwa,5
puzzle_(kadath),4
pyro_(team_fortress_2),4
pyron,4
python,5
qr_code,100
quadruped,103
quadruple_amputee,103
quads,103
quaquaval,5
quarian,5
queen_bee-lzebub_(helluva_boss),4
queen_chrysalis_(mlp),4
queen_tyr'ahnee,4
question,110
question_mark,110
questionable,7
questionable_consent,105
quetzalcoatl_(dragon_maid),4
quilava,5
quirked_human_(my_hero_academia),5
quiver_(object),100
rabbid,5
rabbit,5
rabbit_humanoid,5
raboot,5
raccoon,5
raccoon_dog,5
raccoon_humanoid,5
raceplay,105
ragdoll_cat,5
raichu,5
railing,100
rain_world,3
rainbow,107
rainbow_clothing,100
rainbow_dash_(mlp),4
rainbow_hair,103
rainbow_pride_colors,110
rainbow_symbol,110
rainbow_tail,103
raine_silverlock,4
rainicorn,5
raining,107
rainwing_(wof),5
raised_arm,108
raised_arms,108
raised_calf,108
raised_clothing,108
raised_heel,108
raised_leg,108
raised_shirt,108
raised_skirt,100
raised_tail,108
raised_topwear,100
ralsei,4
ralts,5
ram_horn,103
rambley_raccoon,4
ran_yakumo,4
ranged_weapon,100
rape,105
raphael_(tmnt),4
rapidash,5
rarity_(mlp),4
rat,5
rat_humanoid,5
rat_tail,103
ratchet_(ratchet_and_clank),4
rath_wyvern,5
rathalos,5
rathian,5
ratite,5
rattata,5
rattle_(anatomy),103
rattlesnake,5
rauru_(tears_of_the_kingdom),4
rave,107
raven,5
raven_(dc),4
raven_hunt,4
raven_team_leader,4
raymond_(animal_crossing),4
rayquaza,5
reach_around,105
reaching,108
reaching_towards_viewer,108
reading,101
reading_book,101
real,111
realistic,109
realistic_feral,109
rear_view,109
rebecca_cunningham,4
receiving_pov,108
reclining,108
recording,101
rectangular_glasses,100
red_(pokemon),4
red_anus,102
red_areola,102
red_arremer,5
red_background,107
red_balls,102
red_bikini,100
red_blush,101
red_body,102
red_border,110
red_bottomwear,100
red_bow,100
red_bra,100
red_cape,100
red_cheeks,102
red_claws,102
red_clothing,100
red_collar,105
red_crown_(cult_of_the_lamb),4
red_deer,5
red_dress,100
red_ears,102
red_eyebrows,102
red_eyes,102
red_eyeshadow,100
red_eyewear,100
red_feathers,102
red_footwear,100
red_fox,5
red_fur,102
red_genitals,102
red_glans,102
red_gloves,100
red_hair,102
red_hat,100
red_headwear,100
red_highlights,100
red_hoodie,100
red_horn,102
red_inner_ear,102
red_jacket,100
red_kerchief,100
red_legwear,100
red_lips,102
red_lipstick,100
red_makeup,100
red_mane,102
red_markings,102
red_nails,102
red_neckerchief,100
red_necktie,100
red_nipples,102
red_nose,102
red_panda,5
red_pandaren,5
red_panties,100
red_pants,100
red_pawpads,102
red_penis,102
red_savarin,4
red_scales,102
red_scarf,100
red_sclera,102
red_shirt,100
red_shoes,100
red_shorts,100
red_skin,102
red_skirt,100
red_stripes,102
red_sweater,100
red_swimwear,100
red_tail,102
red_text,110
red_thigh_highs,100
red_tongue,102
red_topwear,100
red_tuft,102
red_underwear,100
red_vulva,102
red_wings,102
red_wolf,5
red_xiii,4
reddened_butt,103
reed_(gvh),4
reflection,107
rei_(pokemon),4
reindeer,5
reins,105
relaxing,101
relieved,108
religion,3
religious_clothing,100
remmy_cormo,4
remote_control,100
renamon,5
renekton,4
rengar_(lol),4
renimpmon,4
repeated_text,110
reppy_(mlp),4
reptile,5
reptile_humanoid,5
requesting,101
requiem_shark,5
rescued_dragons_(spyro),4
reshiram,5
restaurant,107
resting,101
resting_on_belly,108
restrained,105
restrained_arms,105
restrained_by_tentacles,105
restraints,105
restricted_palette,7
restroom_stall,107
retracted_foreskin,108
retriever,5
retsuko,4
reuben_(lilo_and_stitch),4
revali,4
reverse_countershading,103
reverse_cowgirl_position,101
reverse_forced_oral,101
reverse_missionary_position,101
reverse_stand_and_carry_position,101
revolver,100
rexouium,5
rhinoceros,5
rhydon,5
rib_cage,103
ribbon_bondage,105
ribbons,100
ribbons_(anatomy),103
ribs,103
richard_watterson,4
ridged_penis,103
ridiculous_fit,108
riding,101
riding_crop,105
ridley,4
rifle,100
rigby_(regular_show),4
right_to_left,7
rika_nonaka,4
rillaboom,5
rimming,105
ring,100
ring-tailed_cat,5
ring-tailed_lemur,5
ring_(jewelry),100
ring_(marking),100
ring_gag,105
ring_piercing,100
ringed_eyes,103
ringed_tail,103
riolu,5
rip_(psy101),4
rita_(jungledyret),4
rito,5
ritual,101
river,107
river_otter,5
rivet_(ratchet_and_clank),4
road,107
roadrunner,5
robe,100
robin_hood,4
robot,5
robot_humanoid,5
robotic_arm,103
rock,100
rock_creature,5
rocket_raccoon,4
rocko_rama,4
rockruff,5
rocky_rickaby,4
rodent,5
rodent_humanoid,5
roflfox,4
role-playing_game,7
roleplay,105
roller_skates,100
romantic,108
romantic_couple,108
rope,105
rope_bondage,105
rope_harness,105
rory_(ceehaz),4
rosa_(gvh),4
rosa_(pokemon),4
rosalina_(mario),4
rose_(flower),100
rose_(mlp),4
roserade,5
rosie_(animal_crossing),4
roswell_grey,5
rosy_cheeks,103
rotom,5
rottweiler,5
rouge_the_bat,4
rough_collie,5
rough_sex,101
round_glasses,100
rover_(animal_crossing),4
rowlet,5
roxanne_rover,4
roxanne_wolf,4
roy_koopa,4
royal_guard_(mlp),4
royalty,111
rubber_clothing,105
rubber_duck,100
rubbing,101
rudolph_the_red-nosed_reindeer,4
rug,100
ruins,107
ruins_style_lucario,4
rumble_(lol),4
rumble_(mlp),4
rumbling_stomach,110
rumi_usagiyama,4
runaboo_chica,4
rune_(wooled),4
runes,110
running,101
running_makeup,108
running_mascara,108
ruri_tsukiyono,4
russian,110
russian_text,7
rusty_trombone,105
ryekie_(live_a_hero),4
ryona,106
saber-toothed_tiger,5
sabertooth_(anatomy),103
sable_(marten),5
sable_able,4
sableye,5
sack,103
sackless,103
sad,108
saddle,100
safe,7
safe_sex,101
safe_vore,105
sagging_breasts,103
saggy_balls,103
saint_bernard,5
saiyan,5
salamander,5
salamence,5
salandit,5
salazzle,5
saliva,104
saliva_drip,104
saliva_on_anus,104
saliva_on_face,104
saliva_on_penis,104
saliva_on_tongue,104
saliva_string,104
sallie_may_(helluva_boss),4
sally_acorn,4
salmonid_(fish),5
salmonid_(splatoon),5
saluki,5
salute,101
same_size_vore,105
samoyed,5
samuel_dog,4
samurott,5
samus_aran,4
sand,107
sandals,100
sandbar_(mlp),4
sandshrew,5
sandslash,5
sandwich_(food),100
sandwich_position,101
sandwing_(wof),5
sandy_cheeks,4
sangheili,5
sans_(undertale),4
santa_claus,4
santa_costume,100
santa_hat,100
sarabi_(the_lion_king),4
sash_lilac,4
sasha_(animal_crossing),4
satyr,5
sauna,107
sauropod,5
savanna,107
sawyer_(cats_don't_dance),4
scabbard,100
scales,103
scalie,5
scalie_humanoid,5
scar,103
scar_(the_lion_king),4
scared,101
scarf,100
scarf_only,100
scars_all_over,103
scatplay,105
scene_(fashion),109
scene_haircut,103
scent_hound,5
sceptile,5
school,107
school_uniform,107
science_fiction,108
scientific_instrument,100
scientist,111
scissors,100
sciurid,5
scolipede,5
scooby-doo,4
scootaloo_(mlp),4
scorbunny,5
scorpion,5
scourge_the_hedgehog,4
scp-1471-a,4
scp-682,4
scp_foundation,3
scrafty,5
scratches,103
screaming,101
screen,100
screen_face,103
screen_head,5
screencap,110
screencap_background,107
scroll,100
scrotal_raphe,103
scrotum_piercing,100
sculpture,100
scuted_arms,103
scuted_legs,103
scutes,103
scythe,100
sea,107
sea_monster,5
sea_salt,4
sea_slug,5
sea_sponge,5
seal,5
seam_(sewing),100
sean_(senz),4
seashell,100
seaside,107
seawing_(wof),5
secretary_bird,5
security,111
seductive,108
seedrian,5
selene_leni,4
self_bite,101
self_fondle,101
self_lick,101
selfie,109
semi-anthro,101
sensory_deprivation,105
sentient_penis,103
sepia,7
septum_circular_barbell,100
septum_piercing,100
septum_ring,100
sequence,7
serafuku,100
serena_(pokemon),4
sergal,5
serpentine,103
serperior,5
serratus,103
serval,5
servicing_from_below,108
servine,5
seth_(tas),4
severed_body_part,105
severed_head,105
seviper,5
sex,101
sex_in_water,101
sex_request,101
sex_slave,101
sex_toy,100
sex_toy_background,107
sex_toy_in_ass,101
sex_toy_in_mouth,101
sex_toy_in_vagina,101
sex_toy_insertion,101
sexercise,101
sexual_competition,108
sexual_fight,108
shackles,105
shaded,7
shadow,109
shadow_creature,5
shadow_face,103
shadow_lugia,5
shadow_siren,5
shadow_the_hedgehog,4
shaking,101
shaking_butt,101
shallow_penetration,101
shantae,4
shark,5
shark_humanoid,5
shark_tail,103
sharp_teeth,103
sharpclaw_(star_fox),5
shaymin,5
sheath,103
sheath_cage,105
sheath_piercing,100
sheath_play,105
sheathed_humanoid_penis,101
sheep,5
sheep_humanoid,5
sheepdog,5
shell,100
shenzi_(the_lion_king),4
sheriff_mao_mao_mao,4
sherri_mayim,4
shiba_inu,5
shibeta,4
shield,100
shih_tzu,5
shikabane_(aggretsuko),4
shima_luan,4
shin_(morenatsu),4
shining_armor_(mlp),4
shino_(animal_crossing),4
shino_(tas),4
shinx,5
shiny_pokemon,5
ship,100
shippou_(inuyasha),4
shiron,4
shirou_ogami,4
shirt,100
shirt_collar,105
shirt_cuffs,100
shirt_lift,101
shirt_only,100
shirt_pull,101
shirtless,108
shiver_(splatoon),4
shocked,108
shoes,100
shoes_only,100
shooting,101
short,103
short_anthro,101
short_hair,103
short_male,106
short_stack,103
short_tail,103
shortened_sound_effect,110
shorts,100
shorts_down,108
shota,106
shota_feline_(marimo),4
shotgun,100
shoulder_bite,103
shoulder_hair,103
shoulder_pads,103
shoulder_tattoo,103
shoulder_tuft,103
shoutmon,5
shovel,100
shower,107
shower_head,107
showering,101
shrimp,5
shrub,107
shrug,101
shrug_(clothing),100
shyguy,5
siamese,5
siberian_husky,5
sibling_(lore),8
sickle,100
side-tie_bikini,100
side-tie_clothing,100
side-tie_panties,100
side_boob,108
side_view,109
sideburns,103
sidewalk,107
sighthound,5
sign,100
signature,7
silhouette,109
silly_cat_(mauzymice),4
silvally,5
silver_fox,5
silver_soul,4
silver_spoon_(mlp),4
silver_the_hedgehog,4
silverstream_(mlp),4
simba_(the_lion_king),4
simple_background,107
simple_eyes,103
simultaneous_orgasms,108
singing,101
single_strike_style_urshifu,5
sink,100
siphon_(anatomy),103
sisu_(ratld),4
sitting,108
sitting_on_another,108
sitting_on_bed,108
sitting_on_chair,108
sitting_on_lap,108
sitting_on_sofa,108
six-stripe_rainbow_pride_colors,110
size_difference,108
size_play,105
size_transformation,105
skateboard,100
skaven,5
skeleton,111
sketch,7
sketch_page,7
skimpy,108
skimpy_bikini,100
skink,5
skinny,103
skinny_dipping,101
skinny_female,106
skinny_male,106
skinsuit,100
skirt,100
skirt_lift,101
skitty,5
skull,100
skull_accessory,100
skull_head,103
skull_mask,100
skulldog_(species),5
skunk,5
skuntank,5
sky,107
sky_forme_shaymin,5
skye_(paw_patrol),4
skye_(zootopia),4
skylar_fidchell,4
skyscape,107
skyscraper,107
slap,101
slave,105
sledge_revorse,4
sleep_sex,101
sleeping,108
sleeves,100
slightly_chubby,103
slightly_chubby_anthro,106
slightly_chubby_female,106
slightly_chubby_gynomorph,106
slightly_chubby_intersex,106
slightly_chubby_male,106
slim,103
slim_anthro,106
slim_male,106
slim_sub,106
slime,104
slime_(blob),5
sling_bikini,100
slippers,100
slippy_toad,4
slit_penetration,101
slit_play,105
slit_pupils,103
slosh,110
sloshing_belly,110
sloth,5
sloth_bear,5
slowpoke,5
slug,5
slugcat,5
slur,110
slurping,101
sly_cooper,4
small_balls,103
small_breasts,103
small_but_hung,106
small_dom_big_sub,106
small_head,103
small_molosser,5
small_nose,103
small_penis,103
small_top_big_bottom,103
small_waist,103
smaller_ambiguous,106
smaller_anthro,106
smaller_female,106
smaller_feral,106
smaller_gynomorph,106
smaller_human,106
smaller_humanoid,106
smaller_intersex,106
smaller_male,106
smaller_on_top,106
smaller_penetrated,106
smaller_pred,106
smartphone,100
smeargle,5
smegma,104
smelly,104
smelly_feet,105
smile,101
smiling_at_another,101
smiling_at_viewer,101
smilodon,5
smirk,108
smoke,104
smoking,101
smoking_cigarette,101
smoking_pipe,101
smolder_(mlp),4
smothering,105
smug,108
smug_grin,101
snaggle_tooth,103
snail,5
snails_(mlp),4
snake,5
snake_hood,100
snake_humanoid,5
snakebite_piercing,100
sneakers,100
sneasel,5
sneasler,5
sniffing,101
sniffing_clothes,105
sniper_rifle,100
snivy,5
snorlax,5
snout,103
snout_fuck,103
snout_growth,103
snow,107
snow_leopard,5
snowflake,107
snowing,107
snowman,100
snowy_owl,5
snuff,105
soap,100
soarin_(mlp),4
sobble,5
soccer_ball,100
socks,100
socks_(marking),100
socks_only,100
soda,100
sofa,107
soft_vore,105
soiled_diaper,105
soiling,105
soiling_diaper,105
solar_flare_(pvz),4
solarian,5
soldier,111
soles,103
solgaleo,5
solo,106
solo_focus,108
sonic_the_hedgehog,4
sonic_the_werehog,4
sora_(kingdom_hearts),4
soraka,4
sound_effect_variant,110
sound_effects,110
space,107
space_dragon_(metroid),5
spacecraft,100
spacesuit,100
spade_tail,103
spades_(suit),110
spandex,100
spandex_shorts,100
spaniel,5
spanish_text,7
spank_marks,105
spanking,105
sparklefur,103
sparkles,110
sparkling_eyes,103
speaker,100
spear,100
species_transformation,105
speech_bubble,110
speed_bump_position,101
speedo,100
sperm_cell,110
sphere_creature,5
sphynx_(cat),5
spider,5
spider-man_(character),4
spider_humanoid,5
spider_taur,5
spider_web,107
spike_(mlp),4
spiked_armband,100
spiked_bracelet,100
spiked_collar,105
spiked_penis,103
spiked_shell,103
spiked_tail,103
spikes,103
spikes_(anatomy),103
spiky_hair,103
spinda,5
spine,103
spinel_(sepiruth),4
spines,103
spinosaurid,5
spinosaurus,5
spiral,110
spiral_eyes,110
spirit,5
spitey,4
spitfire_(mlp),4
spitroast,108
spitz,5
spix's_macaw,5
splash,110
split_form,103
splits,108
spongebob_squarepants_(character),4
sponty,4
spoon,100
spoon_position,101
sport,108
sports_bra,100
sports_mask,100
sportswear,100
spot_(arknights),4
spot_color,7
spotlight,109
spots,103
spotted_body,103
spotted_fur,103
spotted_hyena,5
spotted_scales,103
spotted_skin,103
spotted_tail,103
spread_anus,108
spread_butt,108
spread_eagle,105
spread_legs,108
spread_toes,108
spread_vulva,108
spread_wings,108
spreader_bar,107
spreading,101
sprigatito,5
springtrap_(fnaf),4
spyro,4
spyro_the_dragon,3
square_crossover,108
squeezing,101
squid,5
squid_humanoid,5
squid_sisters_(splatoon),4
squidward_tentacles,4
squirrel_girl_(marvel),4
squirtle,5
squish,108
stable,107
staff,100
stage,107
stairs,100
stand_(jjba),5
stand_and_carry_position,101
standing,108
standing_doggystyle,108
standing_sex,101
star,110
star_(marking),103
star_eyes,110
star_polygon,110
starfish,5
starlight_glimmer_(mlp),4
starry_sky,107
statue,100
stealth_sex,101
steam,104
steele_(balto),4
stegosaurus,5
stella_(gvh_beta),4
stella_(helluva_boss),4
stepped_on,108
stick,100
sticker,100
sticks_the_jungle_badger,4
stinger,103
stingray,5
stink_fumes,104
stink_lines,104
stirrup_legwear,100
stirrup_socks,100
stirrup_stockings,100
stitch_(lilo_and_stitch),4
stitch_(sewing),100
stoat,5
stockings,100
stocks,110
stocky,103
stolas_(helluva_boss),4
stomach,103
stomach_acid,104
stomach_hair,103
stomping,101
stone_wall,107
stool,100
store,107
storm,107
straddling,101
straight_hair,103
straight_legs,103
straining,101
straitjacket,105
strapon,105
strapon_sex,101
straps,100
straw_hat,100
strawberry,100
street,107
street_lamp,107
stretch_marks,103
stretching,101
striker_(helluva_boss),4
string_bikini,100
string_instrument,100
string_lights,100
strip_club,107
stripe_heeler,4
striped_arms,103
striped_armwear,100
striped_background,107
striped_body,103
striped_bottomwear,100
striped_clothing,100
striped_face,103
striped_fur,103
striped_hyena,5
striped_legs,103
striped_legwear,100
striped_panties,100
striped_penis,103
striped_scales,103
striped_shirt,100
striped_skin,103
striped_skunk,5
striped_socks,100
striped_stockings,100
striped_tail,103
striped_thigh_highs,100
striped_thigh_socks,100
striped_topwear,100
striped_underwear,100
stripes,103
stripper,111
stripper_pole,100
struggling,101
struggling_prey,108
stubble,103
stuck,108
stud_piercing,100
studded_collar,105
student,111
stuffing,101
stuttering,110
submachine_gun,100
submissive,105
submissive_anthro,106
submissive_female,106
submissive_gynomorph,106
submissive_human,106
submissive_intersex,106
submissive_male,106
submissive_pov,108
subscribestar_logo,110
substance_intoxication,108
succubus,5
sucking,101
suction_cup,100
suds,104
sue_sakamoto,4
suggestive_food,111
suicune,5
suid,5
suine,5
suit,100
suit_symbol,110
suki_lane,4
summoning,101
summoning_circle,110
sun,107
sun_bear,5
sun_hat,100
sunburst_(mlp),4
sunflower,100
sunflower_(pvz),5
sunglasses,100
sunglasses_on_head,100
sunglasses_only,100
sunlight,107
sunny_starscout_(mlp),4
sunrise,107
sunscreen,100
sunset,107
sunset_shimmer_(eg),4
super_crown,100
superhero,111
supernumerary_breasts,103
surfboard,100
surge_the_tenrec,4
surprise,108
survivor_(rain_world),4
sus_(pig),5
sushi,100
susie_(deltarune),4
suspenders,100
suspension,105
suspension_bondage,105
swallow_(bird),5
swallowing,101
swallowing_sound_effect,110
swamp,107
swampert,5
swan,5
sweat,104
sweatband,100
sweatdrop,103
sweater,100
sweater_vest,100
sweatpants,100
sweaty_anus,103
sweaty_armpit,103
sweaty_arms,103
sweaty_balls,103
sweaty_belly,103
sweaty_body,103
sweaty_breasts,103
sweaty_butt,103
sweaty_face,103
sweaty_feet,103
sweaty_genitalia,103
sweaty_legs,103
sweaty_penis,103
sweaty_thighs,103
sweetie_belle_(mlp),4
swim_ring,100
swimming,101
swimming_pool,107
swimming_trunks,100
swimwear,100
swimwear_aside,108
swimwear_pull,101
switch_dog,4
sword,100
sybil_(pseudoregalia),4
sylveon,5
symbareangoramon,5
symbiote,5
symbol,110
syngnathiform,5
synth_(vader-san),5
syringe,100
t'vaoan,5
t-shirt,100
tabaxi,5
tabby_cat,5
table,107
table_lotus_position,101
tadano_(aggretsuko),4
tadatomo_(tas),4
tagg,4
tai_lung_(kung_fu_panda),4
tail,103
tail_accessory,103
tail_anus,103
tail_around_penis,103
tail_bondage,103
tail_bow,103
tail_coil,103
tail_feathers,103
tail_fin,103
tail_genitals,103
tail_gesture,103
tail_grab,103
tail_growth,103
tail_heart,103
tail_hug,103
tail_in_ass,103
tail_in_mouth,103
tail_in_pussy,103
tail_insertion,103
tail_jewelry,103
tail_markings,103
tail_masturbation,103
tail_motion,103
tail_mouth,103
tail_piercing,103
tail_play,103
tail_pull,103
tail_ribbon,103
tail_ring,103
tail_sex,103
tail_through_skirt,103
tail_tied,103
tail_tuft,103
tail_under_skirt,103
tail_wraps,103
tailband,100
tailbutt,103
tailed_beast,5
tailed_humanoid,5
tailjob,105
tailwag,101
take_your_pick,108
taking_picture,109
tali'zorah,4
talking_feral,101
talking_to_another,101
talking_to_prey,101
talking_to_self,101
talking_to_viewer,101
tally_marks,110
talons,103
tama-tama,4
tan_areola,103
tan_background,107
tan_balls,103
tan_belly,103
tan_body,103
tan_bottomwear,100
tan_breasts,103
tan_clothing,100
tan_countershading,103
tan_ears,103
tan_eyebrows,103
tan_face,103
tan_feathers,103
tan_fur,103
tan_genitals,103
tan_hair,103
tan_horn,103
tan_inner_ear,103
tan_markings,103
tan_nipples,103
tan_nose,103
tan_pants,100
tan_penis,103
tan_scales,103
tan_sheath,103
tan_skin,103
tan_tail,103
tan_topwear,100
tan_tuft,103
tan_vulva,103
tangle_the_lemur,4
tank_(vehicle),100
tank_top,100
tanuki,5
tanuki_humanoid,5
tany_(doneru),4
taokaka,4
taomon,5
tape,100
tape_gag,105
tapering_penis,103
tarantula,5
tasmanian_devil,5
tasque_manager,4
tattoo,103
tatzlpony,5
taur,5
taur_penetrated,106
taur_penetrating,101
tauren,5
tavern,107
tawna_bandicoot,4
tea,100
tea_cup,100
teacher,111
teacher_and_student,108
teal_body,103
teal_eyes,103
teal_hair,103
teapot,100
teapot_(body_type),103
tearing_clothing,101
tears,104
tears_of_joy,104
tears_of_pain,104
tears_of_pleasure,104
teats,103
teba_(tloz),4
teddy_bear,100
teemo_(lol),4
teemo_the_yiffer,4
teeth,103
telekinesis,101
television,100
tem,5
temmie_(undertale),4
tempest_shadow_(mlp),4
temple,107
tennis_ball,100
tenno,5
tenrec,5
tent,100
tentacle_around_arm,105
tentacle_around_leg,105
tentacle_creature,5
tentacle_hair,105
tentacle_in_ass,105
tentacle_in_mouth,105
tentacle_in_pussy,105
tentacle_ovipositor,105
tentacle_penetration,105
tentacle_rape,105
tentacle_sex,105
tentaclejob,105
tentacles,105
tenting,108
tepig,5
terra_macro,105
terraria,3
terrier,5
terriermon,5
teryx_commodore,4
text,110
text_box,110
text_on_body,110
text_on_clothing,110
text_on_hat,100
text_on_headwear,110
text_on_shirt,100
text_on_topwear,100
text_on_underwear,100
texting,101
the_deadly_six,4
the_elder_scrolls,3
the_knight_(hollow_knight),4
theropod,5
these_aren't_my_glasses,108
thick_arms,103
thick_eyebrows,103
thick_eyelashes,103
thick_lips,103
thick_penis,103
thick_tail,103
thick_thighs,103
thigh_boots,103
thigh_expansion,103
thigh_gap,103
thigh_grab,103
thigh_highs,103
thigh_highs_only,103
thigh_markings,103
thigh_sex,103
thigh_socks,103
thin_calves,103
thin_eyebrows,103
thin_legs,103
thin_tail,103
thin_thighs,103
thinking,101
thinking_with_portals,101
thiren,5
thomas_cat,4
thomson's_gazelle,5
thong,100
thong_straps,100
thorax_(mlp),4
thorns,103
thought_bubble,104
thoughtful_expression,101
three-quarter_portrait,7
three-quarter_view,109
three_frame_sequence,7
three_row_layout,7
threesome,105
throat,103
throat_swabbing,101
throbbing,101
throbbing_balls,101
throbbing_penis,101
throne,100
through_wall,107
thrusting,101
thumbs_up,101
thunderlane_(mlp),4
thylacine,5
thyreophoran,5
tiara,100
tibetan_mountain_dog,5
tickle_fetish,105
tickle_torture,105
tickling,101
tickling_feet,105
tied_shirt,100
tiefling,5
tifa_lockhart,4
tiger,5
tiger_dancer_(zootopia),4
tiger_humanoid,5
tiger_shark,5
tight_bottomwear,100
tight_clothing,100
tight_shorts,100
tights,100
tighty_whities,100
tikal_the_echidna,4
tile,100
tile_floor,107
tile_wall,107
timmy_nook,4
timon,4
tinkaton,5
tinker_bell_(disney),4
tiny_kong,4
tired,108
tissue,100
titan_(the_owl_house),5
titfuck,105
title,110
toad_(frog),5
toad_(mario),5
toadette,4
tobi-kadachi,5
toddler,106
toe_claws,103
toe_restraints,105
toe_ring,100
toeless_footwear,100
toeless_legwear,100
toeless_socks,100
toenails,103
toes,103
togekiss,5
togruta,5
toilet,107
toilet_paper,107
toilet_use,107
tom_nook_(animal_crossing),4
tombstone,100
tommy_nook,4
tongue,103
tongue_out,103
tongue_out_fellatio,103
tongue_piercing,103
tongue_wrap,103
tonguejob,101
tony_the_tiger,4
tony_tony_chopper,4
tools,100
toon_link,4
toony,109
tooth_gap,103
toothbrush,100
toothed_beak,103
toothed_whale,5
toothless,4
top_hat,100
topless,108
topless_anthro,101
topless_female,106
topless_male,106
topwear,100
topwear_only,100
torahiko_(morenatsu),4
torch,100
torchic,5
toriel,4
torn_bottomwear,100
torn_clothing,100
torn_jeans,100
torn_legwear,100
torn_pants,100
torn_shirt,100
torn_shorts,100
torn_stockings,100
torn_topwear,100
torn_underwear,100
torracat,5
tortoise,5
torture,105
totodile,5
toucan,5
touching_diaper,105
touching_hair,101
towel,100
towel_around_neck,100
towel_only,100
town,107
toxtricity,5
toy,105
toy_bonnie_(fnaf),4
toy_chica_(fnaf),4
toy_dog,5
toy_freddy_(fnaf),4
toying_partner,105
toying_self,105
trace_legacy,4
traditional_media_(artwork),7
traditional_painting_(artwork),7
traditional_watercolor_(artwork),7
train,107
train_position,101
training_bra,100
trans_man_(lore),8
trans_woman_(lore),8
transformation,101
transformation_sequence,108
transformation_through_sex,101
transgender_pride_colors,103
translucent,102
translucent_body,102
translucent_clothing,100
translucent_dildo,100
translucent_hair,102
translucent_penetration,101
translucent_penis,102
translucent_swimwear,100
translucent_tentacles,105
translucent_topwear,100
translucent_underwear,100
transparent_sex_toy,101
trash,100
trash_can,100
tray,100
treasure,100
treasure_chest,100
tree,107
tree_hugger_(mlp),4
tree_squirrel,5
tree_squirrel_humanoid,5
tree_stump,100
treecko,5
tremble_spikes,110
trembling,101
trenchcoat,100
triangle_bikini,100
tribadism,108
tribal,108
tribal_clothing,100
tribal_markings,103
tribal_spellcaster,111
tribal_tattoo,103
triceps,103
triceratops,5
trick-or-treating,101
trident,100
trio,106
triple_penetration,101
trish_(gvh),4
tristana_(lol),4
trixie_(mlp),4
troll_(homestuck),5
troll_(mythology),5
tropical,107
truck,100
true_antelope,5
true_fox,5
true_musteline,5
true_owl,5
true_parrot,5
trunk_(anatomy),103
tsareena,5
tsathoggua_(tas),4
tsukino_(monster_hunter_stories),4
tsunoda_(aggretsuko),4
tube,100
tube_top,100
tuft,103
tulin_(tloz),4
tunic,100
turian,5
turkey,5
turtle,5
turtleneck,100
tusks,103
tuxedo_cat,5
tv_head,5
tweetfur,4
twerking,101
twi'lek,5
twili,5
twilight_sparkle_(eg),4
twilight_sparkle_(mlp),4
twilight_velvet_(mlp),4
twin_bows,100
twin_braids,103
twintails_(hairstyle),103
twitch_(lol),4
twitter_logo,110
two-footed_footjob,105
two-piece_swimsuit,100
two_doms_one_sub,106
two_subs_one_dom,106
two_tone_body,102
two_tone_clothing,100
two_tone_ears,102
two_tone_eyes,102
two_tone_face,102
two_tone_feathers,102
two_tone_footwear,100
two_tone_fur,102
two_tone_hair,102
two_tone_legwear,100
two_tone_penis,102
two_tone_scales,102
two_tone_shirt,100
two_tone_tail,102
two_tone_topwear,100
two_tone_wings,102
typhlosion,5
tyranitar,5
tyrannosaurid,5
tyrannosaurus_rex,5
tyrantrum,5
udders,103
umbrella,100
umbreon,5
unbirthing,105
unbuttoned,108
unclean_diaper,105
unconscious,108
unconvincing_armor,100
undead,5
under_boob,108
under_covers,108
under_table,107
underage_pregnancy,104
underfoot,105
underhoof,105
underwater,107
underwear,100
underwear_around_legs,108
underwear_around_one_leg,108
underwear_aside,108
underwear_down,108
underwear_only,100
underwear_pull,101
underwear_sex,101
underwear_sniffing,101
undressing,101
undressing_another,101
undyne,4
unfinished,7
unguligrade,103
unicorn,5
unicorn_horn,103
uniform,100
unikitty,4
united_states_of_america,107
unprofessional_behavior,108
unretracted_foreskin,103
unseen_prey,108
unsigned,7
unusual_anatomy,103
unusual_bodily_fluids,104
unusual_cum,103
unusual_genital_fluids,104
unusual_genitalia,103
unusual_genitalia_placement,103
unusual_lactation,103
unusual_penetration,101
unusual_penis,103
unusual_penis_placement,103
unusual_pupils,103
unusual_tail,103
unusual_wing_placement,103
unusual_wings,103
unwanted_cum_inside,104
unwilling_prey,108
unzipped,108
upside_down,108
upskirt,105
upskirt_sex,101
uraeus,110
urethra,103
urethral,105
urethral_bulge,105
urethral_penetration,101
urinal,100
urine,105
urine_in_mouth,105
urine_on_face,105
urine_on_ground,105
urine_pool,105
urine_stream,105
url,7
ursaring,5
ursid_humanoid,5
ursine,5
used_diaper,105
user_avatar,110
username,110
utahraptor,5
uterus,103
uvula,103
uxie,5
v_sign,110
vaggie_(hazbin_hotel),4
vaginal,103
vaginal_birth,105
vaginal_fingering,101
vaginal_fluid_drip,104
vaginal_fluid_string,104
vaginal_fluids,104
vaginal_fluids_on_penis,104
vaginal_knotting,105
vaginal_masturbation,101
vaginal_penetration,101
vaginal_squirting,101
valentine's_day,3
vambrace,100
vampire,5
vampire_bat,5
vanilla_the_rabbit,4
vanny_(fnaf),4
vaporeon,5
vase,100
vector_the_crocodile,4
veemon,5
vegetable,100
vehicle,100
vehicle_for_hire,100
veigar,4
veil,100
vein,103
veiny_arms,103
veiny_balls,103
veiny_breasts,103
veiny_dildo,100
veiny_knot,103
veiny_muscles,103
veiny_penis,103
velma_dinkley,4
velvet_reindeer_(tfh),4
venom_(marvel),4
ventral_scales,103
ventrexian,5
venus_figure,103
venus_spring,4
venusaur,5
verosika_mayday,4
vertical_diphallism,103
vertical_splits,110
vessel_(species),5
vest,100
vex_(lol),4
vibrator,100
vibrator_in_ass,100
vibrator_in_pussy,100
vibrator_on_penis,100
vibri,4
vicar_amelia,4
victini,5
viera,5
villager_(animal_crossing),4
vines,107
vinyl_scratch_(mlp),4
violence,105
viper,5
viper_(x-com),5
virgin_killer_sweater,100
virginia_opossum,5
virizion,5
visibly_trans,106
visor,100
vitani_(the_lion_king),4
vivarium,107
viverrid,5
vivian_(mario),4
vocalization,110
volibear,4
volleyball,100
volleyball_(ball),100
volos_(tas),4
voluptuous,103
voluptuous_anthro,106
voluptuous_female,106
vombatiform,5
von_lycaon,4
vore,105
vortex_(helluva_boss),4
vowelless,104
vowelless_sound_effect,104
vowelless_vocalization,104
voyeur,105
vtuber,3
vulpera,5
vulpix,5
vulture,5
vulva,103
vulva_blush,103
vulva_piercing,100
waaifu_(arknights),4
waddling_head,5
waiter,111
waking_up,101
wakko_warner,4
walk-in,108
walking,101
wall_(structure),107
wallaby,5
wallpaper,7
walrus,5
wand,100
wand_vibrator,100
warcraft,3
wardrobe_malfunction,108
warfare_flint,4
warfare_goat,4
warfare_krystal,4
warfare_renamon,4
wargreymon,5
warhammer_(franchise),3
wariza,108
warrior,111
wartortle,5
warwick_(lol),4
wasp,5
watch,100
water,107
water_bottle,100
water_creature,5
water_deer,5
watercolor_(artwork),7
watercraft,100
waterfall,107
watermark,7
watermelon,100
watersports,105
wave,107
wave_the_swallow,4
waving,101
waving_at_viewer,101
wavy_hair,103
weapon,100
weapon_tail,103
wearing_chastity_cage,105
wearing_chastity_device,105
wearing_condom,100
wearing_diaper,105
wearing_glasses,100
wearing_mask,100
weasel,5
weavile,5
web_bondage,105
webbed_feet,103
webbed_hands,103
website_logo,110
wedding,108
wedding_dress,100
wedding_ring,100
wedgie,101
weight_gain,108
weightlifting,101
weights,100
welsh_corgi,5
wendell_(fortnite),4
wendigo,5
wendy_o._koopa,4
werecanid,5
werecanine,5
werecanis,5
werecreature,5
weredog,5
werefelid,5
werefox,5
werefox_(character),4
weregarurumon,5
werehog,5
werewolf,5
western_dragon,5
western_tally_marks,110
wet,108
wet_body,108
wet_clothing,108
wet_diaper,105
wet_dream,108
wet_fur,108
wet_hair,108
wet_panties,108
wet_shirt,108
wet_underwear,108
wetness_indicator,110
wetting,105
wetting_diaper,105
whale,5
whale_shark,5
what,111
what_has_science_done,111
wheel,100
where_is_your_god_now,111
whimsicott,5
whip,100
whip_mark,100
whipped_cream,100
whisker_markings,103
whisker_spots,103
whiskers,103
whisper_the_wolf,4
whistle_(object),100
white-tailed_deer,5
white_arms,102
white_armwear,100
white_background,107
white_balls,102
white_belly,102
white_body,102
white_boots,100
white_border,110
white_bottomwear,100
white_bra,100
white_breasts,102
white_briefs,102
white_butt,102
white_canine_(marimo),4
white_claws,102
white_clothing,100
white_countershading,102
white_diaper,105
white_dress,100
white_dress_shirt,100
white_ears,102
white_eyebrows,102
white_eyes,102
white_face,102
white_facial_hair,102
white_feathers,102
white_feet,102
white_footwear,100
white_fundoshi,100
white_fur,102
white_genitals,102
white_gloves,100
white_hair,102
white_hands,102
white_hat,100
white_head,102
white_headwear,100
white_horn,102
white_inner_ear,102
white_jacket,100
white_legs,102
white_legwear,100
white_mane,102
white_markings,102
white_nails,102
white_nipples,102
white_nose,102
white_outline,102
white_panties,100
white_pants,100
white_pawpads,102
white_penis,102
white_pubes,102
white_pupils,102
white_scales,102
white_shark,5
white_sheath,102
white_shirt,100
white_shoes,100
white_skin,102
white_socks,100
white_spots,102
white_stockings,100
white_stripes,102
white_swimwear,100
white_tail,102
white_text,110
white_thigh_highs,100
white_topwear,100
white_tuft,102
white_underwear,100
white_vulva,102
white_wings,102
white_wool,102
whitney_(animal_crossing),4
why,111
wickerbeast,5
wide_crotch,103
wide_eyed,103
wide_hipped_anthro,106
wide_hipped_female,106
wide_hipped_gynomorph,106
wide_hipped_humanoid,106
wide_hipped_male,106
wide_hips,103
widescreen,7
wife,111
wigglytuff,5
wild_boar,5
wildcat,5
wile_e._coyote,4
will_(harmarist),4
willing_prey,106
wilykit,4
wind_instrument,100
window,100
windy_whistles_(mlp),4
wine,100
wine_bottle,100
wine_glass,100
wing_boner,103
wing_claws,103
winged_arms,103
winged_humanoid,5
winged_unicorn,5
wingless_bat,5
wingless_dragon,5
wings,103
wings_tied,103
wink,101
winking_at_viewer,101
winnie_werewolf_(ghoul_school),4
winnie_werewolf_(hotel_transylvania),4
winter,107
wire,100
witch,111
witch_(the_owl_house),5
witch_costume,100
witch_hat,100
withered_bonnie_(fnaf),4
wizard_hat,100
wolf,5
wolf_(lol),4
wolf_(petruz),4
wolf_humanoid,5
wolf_o'donnell,4
wolf_tail,103
wolfdog,5
wolverine,5
womb_tattoo,103
wonderbolts_(mlp),4
wood,100
wood_floor,107
wood_furniture,100
wood_mouse,5
wood_wall,107
woodpecker,5
wool_(fur),100
wooloo,5
worgen,5
workout,108
worm,5
worm's-eye_view,109
wounded,103
wrapped_condom,100
wraps,100
wrench,100
wrestler,111
wrestling,101
wrestling_singlet,100
wrinkled_feet,103
wrinkles,103
wrist_cuffs,100
wrist_tuft,103
wrist_wraps,100
wristband,100
wristwatch,100
writing_on_belly,108
writing_on_butt,108
writing_on_thigh,108
wyvern,5
x-digimon,5
x-ray_view,109
x_anus,103
x_eyes,103
xenarthran,5
xenomorph,5
xenomorph_queen,5
xerneas,5
xero_(captainscales),4
y2k_(fashion),109
y2k_(graphic_design),109
y_anus,103
yak,5
yakko_warner,4
yasuyori_(tas),4
yautja,5
yawn,101
ych_(character),4
yelling,110
yellow_anus,102
yellow_areola,102
yellow_background,107
yellow_balls,102
yellow_beak,102
yellow_belly,102
yellow_body,102
yellow_border,110
yellow_bottomwear,100
yellow_claws,102
yellow_clothing,100
yellow_countershading,102
yellow_dress,100
yellow_ears,102
yellow_eyes,102
yellow_face,102
yellow_feathers,102
yellow_feet,102
yellow_footwear,100
yellow_fur,102
yellow_genitals,102
yellow_gloves,100
yellow_horn,102
yellow_inner_ear,102
yellow_markings,102
yellow_nipples,102
yellow_nose,102
yellow_pawpads,102
yellow_penis,102
yellow_scales,102
yellow_sclera,102
yellow_shirt,100
yellow_skin,102
yellow_stripes,102
yellow_swimwear,100
yellow_tail,102
yellow_teeth,102
yellow_text,110
yellow_tongue,102
yellow_topwear,100
yellow_underwear,100
yellow_vulva,102
yellow_wings,102
yeti,5
yin_yang,108
yinglet,5
yoga,101
yoga_pants,100
yokai,5
yordle,5
yorha_2b,4
yoshi,5
yoshi_(character),4
young,106
young_ambiguous,106
young_anthro,106
young_female,106
young_feral,106
young_human,106
young_humanoid,106
young_intersex,106
young_link,4
young_male,106
young_on_young,106
young_penetrated,106
young_penetrating,106
younger_anthro,106
younger_dom_older_sub,106
younger_female,106
younger_human,106
younger_male,106
younger_penetrated,106
yuki_(evov1),4
yuni_hermit,4
yuumi_(lol),4
yveltal,5
zabivaka,4
zacian,5
zangoose,5
zebra,5
zebroid,5
zebstrika,5
zecora_(mlp),4
zekrom,5
zen_(twokinds),4
zeraora,5
zero_pictured,111
zero_suit,105
zeti,5
zhali,4
zhen_(kung_fu_panda),4
zig_zag,4
zigzagoon,5
zim_(invader_zim),4
zinogre,5
zinovy,4
zipp_storm_(mlp),4
zipper,100
zira_(the_lion_king),4
zombie,5
zonai,5
zootopia,3
zora,5
zoroark,5
zorori,4
zorua,5
zubat,5
zzz,110
